_id,ltable_id,rtable_id,ltable_title,ltable_artist_name,ltable_year,rtable_song,rtable_artists,rtable_year
496,139378,657758,tiger rag,preservation hall jazz band,1989,tiger rag,the original dixieland jazz band,1947.0
1273,590234,270943,too little too late (live 3/11/04 dallas),barenaked ladies,0,too little too late,steven page+ed robertson+barenaked ladies,2003.0
2353,745750,575882,i don't care anymore ( lp version ),phil collins,0,i dont care anymore,phil collins,1983.0
2663,766248,231528,where did our love go,the supremes,1964,where did our love go,lamont dozier+brian holland+eddie holland+the supremes,2005.0
2907,389190,82676,l-o-v-e,joss stone,2007,l-o-v-e,joss stone,2012.0
3844,890181,277164,uptight (everything's alright),stevie wonder,0,uptight (everythings alright),stevie wonder+sylvia moy+henry cosby+the tonight show band,1992.0
4879,796693,270229,lovely lonely girl,jenny martin,0,girl,martin rev+alan vega+vue,1999.0
5862,358643,330170,i melt with you (album version),jason mraz,0,i melt with you,robbie grey+stephen walker+mick conroy+gary mcdowell+richard ian brown+jason mraz,2004.0
6640,698232,692658,light of a clear blue morning,dolly parton,1977,light of a clear blue morning,dolly parton+the wailin jennys,2011.0
7387,474424,141712,stars and stripes forever,john mceuen,0,the stars and stripes forever,john philip sousa,2004.0
10886,601746,594806,the rise and fall of&,pigeon john,0,rise and fall,john ensslin+michael rank+charles h. desmond+scott carelton brenner+marat,2006.0
11237,535486,74909,three little birds,sean paul / ziggy marley,2004,three little birds,ziggy marley,2000.0
12948,731576,455797,life is but a dream,the harptones,1990,life is but a dream,raul cita+hy weiss+the harptones,1990.0
12999,599407,555767,georgia on my mind,jean-michel bernard,0,made up my mind,bernard mitchell+janai brinson,2008.0
13784,654309,637297,you & me & the bottle makes 3 tonight (baby),big bad voodoo daddy,1996,you & me & the bottle makes 3 tonight (baby),big bad voodoo daddy+scott morris,1996.0
14204,388259,152521,retreat to nowhere,napalm death,1988,retreat to nowhere,napalm death,2011.0
16380,754254,224555,star trek: first contact- end title,jerry goldsmith,0,star trek: the next generation main title,jerry goldsmith+alexander courage,1987.0
17469,623720,193083,still take you home,arctic monkeys,2004,still take you home,arctic monkeys,2009.0
17845,949414,22355,you're the one that i want,john travolta / olivia newton-john,1978,youre the one that i want,john farrar+john travolta+olivia newton-john,2007.0
18555,958835,41647,straighten up and fly right (digitally remastered original),nat king cole trio,0,straighten up and fly right,nat king cole+irving mills+jacob hoggard,2003.0
19678,282489,313809,camino de vuelta,ana belén,1991,camino de vuelta,pancho varona+gloria varona+antonio garcía de diego+ana belén,1990.0
19847,702210,149376,love is all around (the mary tyler moor show theme),sonny curtis,0,love is all around,sonny curtis,1970.0
22138,960655,506449,la yerbita,los corraleros de majagual,0,la rumba,los trovadores,1998.0
22146,542942,506449,la cucaracha,los del sol,0,la rumba,los trovadores,1998.0
22321,493834,533557,chasing sheep is best left to shepherds,michael nyman,1989,chasing sheep is best left to shepherds,michael nyman,2015.0
22423,843044,601766,release it (instrumental),afro celt sound system,1999,release it (instrumental),simon emmerson+james mcnally+iarla olionaird+afro celt sound system,2004.0
22719,917908,606843,it's showtime pt. 1,the mooney suzuki,0,its showtime pt. ii,sammy james jr.+the mooney suzuki,2003.0
23942,773531,301334,do you feel my love,eddy grant,1981,do you feel my love?,eddy grant,1964.0
25949,709471,216820,machine gun,portishead,2007,machine gun,portishead,2005.0
26646,642478,278209,i need to know,marc anthony,1999,i need to know,marc anthony+cory rooney+the tonight show band,1992.0
27516,773019,246357,thank you for being a friend,andrew gold,1978,thank you for being a friend,andrew gold+cynthia fee,1985.0
27877,951906,436255,fame 09,naturi naughton,0,fame,michael gore+dean pitchford+naturi naughton,2009.0
29368,505576,698399,marmor_ stein und eisen bricht - exklusive neuaufnahme,drafi deutscher,0,marmor  stein und eisen bricht,drafi deutscher,2015.0
29394,843849,339206,ti offro da bere,gianni morandi,0,ti offro da bere,gianni morandi,2003.0
31964,783441,270032,the three bells (les trois cloches) (digitally remastered),the browns,0,the three bells (les trois cloches),jean villard+the browns,1999.0
33433,390091,319537,versteht ihr was von vögeln?,funny van dannen,1997,versteht ihr was von vögeln?,funny van dannen,2007.0
35078,493770,58471,addicted to love,robert palmer,1985,addicted to love,robert palmer,2005.0
35213,946882,727237,more love,robert ffrench & heavy d,0,hey love,robert mcatee,2004.0
35374,405390,87960,california,phantom planet,2001,california,phantom planet,2002.0
35885,152314,438767,music for the last couple,the jam,1980,last exit for the lost,carl mccoy+tony pettitt+paul wright+andrew wright+peter yates+fields of the nephilim,1991.0
37017,823281,644452,gravity,john mayer trio,2005,gravity,john mayer,2006.0
37109,289581,134511,but you know i love you,dolly parton,1980,i will always love you (bluegrass version),dolly parton,1993.0
41997,730283,630392,do the push and pull - live,rufus thomas,0,push and pull part one,rufus thomas,2001.0
42090,925945,173019,ride,cary brothers,2006,ride,cary brothers  with jason kanakis,2003.0
44438,888278,255215,game set and match,the herbaliser,2008,the match game,the score production band,1962.0
44599,193991,87116,only love will hold fast,charlie peacock,1988,only love will hold fast,charlie deacock+carrie hamilton+nia peeples+loretta chandler+elisa heinsohn,1982.0
45748,493541,463643,anamaria,montefiori cocktail,1997,anamaria,francesco montefiori+federico montefiori+montefiori cocktail,2000.0
45749,549906,636464,2001: a space odyssey - blue danube waltz,strauss,0,blue danube waltz,johann strauss,1990.0
46394,580222,81131,better world,phase 3 vs. the machine,0,better now,the vespers,2012.0
47240,673249,193158,i predict a riot,kaiser chiefs,2004,i predict a riot,kaiser chiefs,2009.0
49562,614965,170384,backwell,beak>,0,backwell,beak>,2011.0
50176,922405,303247,the time is now (live at brixton),moloko,2006,the time is now,moloko,1964.0
51932,259098,188399,merry happy / little red,kate nash,2007,merry happy,kate nash,2008.0
52779,319897,154605,growing pains,la roux,2009,growing pains,elly jackson+ben langmaid+jeff patterson+la roux,2009.0
55121,624978,51122,my girl,the rolling stones,1967,i need my girl,the national,2010.0
56685,951505,107581,hippy hippy shake,the swinging blue jeans,1963,hippy hippy shake,the swinging blue jeans+chan romero,1992.0
57312,686063,342271,hand in my pocket (album version),alanis morissette,1996,hand in my pocket,alanis morissette  / glen ballard+alanis morissette,1997.0
57836,251700,57111,beautiful love,steve nelson,0,higher love,steve winwood+will jennings,2006.0
57874,617442,57111,higher love,steve clark,0,higher love,steve winwood+will jennings,2006.0
58261,581585,694438,heart like a wheel (album version),kate & anna mcgarrigle,1975,heart like a wheel,anna mcgarrigle+kate mcgarrigle,2009.0
59966,888278,255664,game set and match,the herbaliser,2008,the match game,the score production band,1962.0
60711,926667,140151,i know where it's at (nu birth riddum dub),all saints,1998,i know where its at,all saints,2009.0
61322,381809,680734,it takes two,rob base & dj ez rock,1988,it takes two,james brown+robert ginyard+rob base+dj ez rock,2003.0
65345,638926,393340,when i miss you most,jon secada,0,and you and i,jon anderson+steve howe+chris squire+bill bruford+yes+live 2001,2007.0
66936,277514,141526,el tiempo en las bastillas,fernando ubiergo,0,el tiempo en las bastillas,fernando ubiergo+camila moreno,2008.0
66948,862461,180664,hello_ dolly!,jerry herman,0,hello  dolly!,jerry herman+nacho dogan,1989.0
67883,518830,129723,crack the shutters,snow patrol,2008,crack the shutters,snow patrol,2009.0
71640,146647,386327,warm ride,rare earth,1978,the warm,ages of the earth,2013.0
71727,961100,386327,the mindstraights,five fingers of funk,1995,the warm,ages of the earth,2013.0
71845,956494,386327,the birds,the high dials,2003,the warm,ages of the earth,2013.0
72347,866763,344784,mauna loa slack key,ledward kaapana,0,no name slack key,ledward kaapana,2015.0
72614,943755,36111,i ain't got you,billy boy arnold,1990,i need you tonight,m.c. boy,2007.0
75295,533786,448299,perra enamorada,monica naranjo,2000,perra enamorada,mogol+lucio battisti+mónica naranjo,2000.0
75305,698463,69604,dexter main title,rolfe kent,2007,dexter main title,rolfe kent,2006.0
75322,929286,472866,floogie walk,cab calloway and his orchestra,1991,elephant walk,quincy jones+the arturo ofarrill orchestra,2006.0
75872,868138,583678,another brick in the wall (part 2) (live),pink floyd,0,another brick in the wall (part two),roger waters+pink floyd,2009.0
76847,277514,141563,el tiempo en las bastillas,fernando ubiergo,0,el tiempo en las bastillas,fernando ubiergo+difuntos correa,2008.0
77228,829280,349815,you are the sunshine of my life,stevie wonder,1972,you are the sunshine of my life,stevie wonder,2013.0
77679,738415,596436,sexyback,justin timberlake featuring timbaland,2006,sexyback,justin timberlake,2013.0
78384,775567,505411,the story of the impossible,peter poehl,2006,the story of the impossible,peter von poehl,2010.0
79309,534729,277195,don't lose my number  (lp version),phil collins,1985,dont lose my number,phil collins+the tonight show band,1992.0
79353,811061,633285,someday,michael learns to rock,1995,someday,jascha richter+michael learns to rock,2000.0
80572,12256,714810,vivimos siempre juntos,nacho cano,1996,vivimos siempre juntos,nacho cano+mercedes ferrer,2006.0
80717,961424,633079,lies,shed seven,1996,lies (live),paul banks+tom gladwin+alan leach+rick witter+shed seven,1997.0
80928,948779,41515,bring it home to me,sam & dave,0,bring it on home to me,sam cooke+casey leblanc,2003.0
82260,886565,731565,memories of the grove,maylene and the sons of disaster,2007,people of the sun,rage against the machine,1999.0
82300,957945,731565,the wheels of love,the jet set,0,people of the sun,rage against the machine,1999.0
82508,949656,731565,music of the spheres,the receiving end of sirens,2007,people of the sun,rage against the machine,1999.0
82509,872858,731565,people of the sun,rage against the machine,1994,people of the sun,rage against the machine,1999.0
82546,955283,731565,children of the universe,ras michael and the sons of negus,0,people of the sun,rage against the machine,1999.0
82695,940419,196717,panama (live version),van halen,0,panama,van halen,2013.0
83085,797053,201821,you are the best thing,ray lamontagne,2008,you are the best thing,ray lamontagne,1975.0
84135,887170,555436,(what a) wonderful world,david bromberg,1986,what a wonderful world,bob thiele+george david weiss+louis armstrong,2011.0
88808,449669,685983,the military,ornette coleman;london symphony orchestra,1972,the chase,roy budd+his orchestra,1973.0
89113,797392,196208,lawless avenues  (lp version),jackson browne,1986,lawless avenues,jackson browne,2016.0
91427,501693,567151,misery loves company,porter wagoner,1962,misery loves company,jerry reed+porter wagoner,2007.0
91431,887275,650688,rhyme for summertime,g. love,0,summertime,sean stolper+patrick muldoon+neil g. ives+the sleeping masses,2007.0
92270,744224,641166,little bitty pretty one,thurston harris,1987,little bitty pretty one,thurston harris+bobby day,1997.0
92364,154845,417653,murder on the dancefloor,sophie ellis-bextor,2000,murder on the dancefloor,gregg alexander+sophie ellis-bextor,2004.0
93825,113090,671918,i like to run i like to jump,david mead,0,if i run,david dennis+tony aguiar+phillip munsey ii+kurt allen+voxhaul broadcast,2012.0
93974,678852,21909,ball and chain,janis joplin,1972,ball and chain,willie mae thornton+janis joplin,2007.0
94248,832232,442710,you ain't just whistlin' dixie,bellamy brothers,0,you aint just whistlin dixie,david bellamy+bellamy brothers,1993.0
94810,211931,457503,el rey y yo,los tres,2000,el rey y yo,los angeles negros,2013.0
96068,476368,349877,i want to take you higher,sly & the family stone,1969,i want to take you higher,sylvanus+sly stone,1970.0
96513,10591,118304,dance with my father,luther vandross,2003,dance with my father,luther vandross+richard marx+pume zondi,2002.0
97181,56996,505532,unchained melody (a capella version),the fleetwoods,1993,unchained melody,alex north+lyrics by hy zaret+the fleetwoods,2016.0
97981,398476,409052,the love you save [may be your own] (album version),joe tex,0,the love you save (may be your own),joe tex,2007.0
97997,565384,316174,hands playing buttefly,efterklang,2007,hands playing butterfly,efterklang,2006.0
98568,278288,614427,no one has ever looked so dead,the organ,2002,no one has ever looked so dead,k. ritchie+s.stocks+g. smyth+d. cohen+s. efron+the organ,2004.0
99085,520533,422905,stoopid ass,grand theft audio,2000,stoopid ass,ralph jezzard+james butler+richard battersby+grand theft audio,2000.0
99207,519280,709605,secret garden,bruce springsteen,1995,secret garden,bruce springsteen,2011.0
100561,401496,574322,pennies from heaven,bing crosby,1936,pennies from heaven,arthur johnston+lyrics by johnny burke+bing crosby,1960.0
100919,557310,644258,the best of times,jerry herman,1986,the best of times,jerry herman+bea arthur+nell carter+sandy duncan+karen morrow+juliet prowse+lee roy reams+ann reinking+rex smith,1986.0
103125,893205,561,speakeasy,shed seven,1994,speakeasy (live),shed seven,1990.0
103206,738304,492092,izabella,jimi hendrix,1971,izabella,jimi hendrix,2002.0
103941,797733,283960,maybe,ink spots,0,maybe,allan flynn+frank madden+the ink spots,2010.0
105252,948785,60692,alley fight,john debney,1999,hallway fight,john paesano,2015.0
107524,870093,343504,$100 dollar bill y'all (explicit),ice cube,0,$100 bill yall,rockwilder+ice cube,2002.0
109556,958270,285217,love is strange,mickey & sylvia,1957,love is strange,sylvia robinson+mickey baker+mickey+sylvia,2002.0
110552,852704,393938,i don't know why,shawn colvin,1992,i dont know why,shawn colvin,1995.0
110797,731338,356036,here comes santa claus,gene autry,1947,here comes santa claus,gene autry+oakley haldeman+bing crosby,2008.0
110799,326167,54580,bailar pegados,sergio dalma,2002,bailar pegados,luis gómez escolar+julio seijas+sergio dalma,2015.0
110922,631380,408787,everyday i love you less and less,kaiser chiefs,2005,everyday i love you less & less,ricky wilson+andrew white+simon rix+nick baines+nick hodgson+kaiser chiefs,2007.0
113490,273298,135470,thank you (falettinme be mice elf agin),sly & the family stone,1969,thank you (falettinme be mice elf agin),sly stone+the cbs orchestra,1993.0
113845,937077,47463,i believe,blessid union of souls,1995,i believe,blessid union of souls,2003.0
114302,862967,199145,main title,the boston pops orchestra / john williams,0,jaws: main title,john williams,2008.0
114827,143962,440519,la donna è mobile,juan diego flórez / orchestra sinfonica di milano giuseppe verdi / carlo rizzi,0,la donna è mobile,giuseppe verdi,2002.0
115469,637289,586867,jackie wilson said (i'm in heaven when you smile),van morrison,1972,jackie wilson said (im in heaven when you smile),van morrison,1991.0
116572,419152,336779,maria mae,dave eggar,2005,maria mae,dave eggar+left of blue+michael paris+david schommer+davi vieira,2007.0
118178,270399,80395,tenia tanto que darte,nena daconte,2008,tenía tanto que darte,mai meneses+kim fanlo+francisco j. urchegui+nena daconte,2004.0
119310,502158,181734,tema de abertura (garota de ipanema),orquestra,1967,tema de cristina,briamonte orquestra,1970.0
122269,953633,66657,À espera de godot,delfins,0,À espera de godot,delfins,2007.0
122514,703753,678834,you are my sunshine,jimmie davis,1940,you are my sunshine,jimmie davis+charles mitchell+pauline roberts,2001.0
123108,860857,505313,fragile,sting,1987,fragile,sting,2005.0
124850,877186,1761,black or white (the clivilles & cole    radio mix),michael jackson,0,black or white,michael jackson,2005.0
125121,253364,722225,when the moon comes over the mountain,kate smith,1999,when the moon comes over the mountain,kate smith+howard johnson+harry m. woods,1937.0
126051,636577,59132,rock this town,brian setzer orchestra,1998,rock this town,brian setzer+joey fatone,2005.0
126710,920063,205303,superman,lazlo bane,2000,superman,lazlo bane,2001.0
129484,510266,395550,ain't no sunshine,bill withers,1971,aint no sunshine,bill withers,2015.0
131694,819217,321395,this charming man,the smiths,1983,this charming man,morrissey+johnny marr+the smiths,1973.0
132007,304289,465786,pata pata (album version),miriam makeba,1967,pata pata,miriam makeba,2012.0
133031,946364,552904,the bottle,gil scott-heron,1974,the bottle,gil scott-heron,2005.0
134674,754254,225375,star trek: first contact- end title,jerry goldsmith,0,end title,joel goldsmith,1997.0
135248,645796,612127,on standby,shed seven,1996,on standby,paul banks+tom gladwin+alan leach+rick witter+shed seven,1996.0
137065,889692,694283,cowboy,harry nilsson,1989,oceanic space cowboy,harry christelis+sam morgan,2010.0
137584,12692,57914,say hey (i love you),michael franti & spearhead / cherine anderson,2009,say hey (i love you),michael franti+carl young,2004.0
139502,142027,215699,boogie wonderland,earth_ wind & fire with the emotions,1987,boogie wonderland,jon lind+allee willis+earth wind+fire+the emotions,2008.0
139524,685747,56429,all day all night,ziggy marley and the melody makers,0,up all night,melody sweets,2011.0
142578,19474,376318,opus no. 13,dustin o'halloran,2004,opus 13,dustin ohalloran,2008.0
143166,571014,602856,weeping mary,elvis perkins in dearland,2009,weeping pilgrim,elvis perkins+elvis perkins  in dearland,2011.0
145389,946015,493134,number one,john legend,2005,number one,john legend,2008.0
146047,929345,488141,found a way,drake bell,2005,i found a way,drake bell,2006.0
146367,958869,346532,why do fools fall in love,frankie lymon and the teenagers,1956,why do fools fall in love,frankie lymon+morris levy,1973.0
146562,798703,346532,why do fools fall in love,frankie lymon & the teenagers_ lymon_ levy,1988,why do fools fall in love,frankie lymon+morris levy,1973.0
147331,369339,373762,i want to love you in my room,irving,2005,i want to love you in my room,irving,2008.0
148291,386549,395291,amando locamente,monica naranjo,2000,amando locamente,l. cantini+l. lópez+p. casella+mónica naranjo,2005.0
148419,738415,323146,sexyback,justin timberlake featuring timbaland,2006,sexyback,justin timberlake+tim mosley+nate hills,2006.0
148421,918952,146278,gopher mambo,yma sumac,1996,gopher mambo,billy may+conrad gozzo+yma sumac,2007.0
148514,794244,182231,is she really going out with him?,joe jackson,1978,is she really going out with him?,joe jackson,1998.0
149214,690454,469955,you're gonna miss me - live,the 13th floor elevators,0,youre gonna miss me,roky erickson+13th floor elevators+arrangement with celebrity licensing inc.,2000.0
150162,312308,197089,get your gunn,marilyn manson,0,get your gunn,marilyn manson,1974.0
150271,817204,720913,animals have personality,charlotte diamond,0,animals have personality,charlotte diamond,1993.0
151831,714828,171832,mashed potato time,dee dee sharp,1962,mashed potato time,william garrett+robert bateman+georgia dobbins+brian holland+freddie gorman+dee dee sharp,2012.0
153352,477643,153040,only the good die young (1998 digital remaster),iron maiden,1988,only the good die young,steve harris+bruce dickinson+iron maiden,1984.0
154970,379152,203042,geek stink breath (album version),green day,2001,geek stink breath,green day,1975.0
157919,474424,359467,stars and stripes forever,john mceuen,0,the stars and stripes forever,john philip sousa+walter brennan  after the first wedding,1936.0
158230,754254,224953,star trek: first contact- end title,jerry goldsmith,0,star trek: voyager - main title,jerry goldsmith+jay chattaway,1995.0
158511,412703,104309,self control,laura branigan,1984,self control,giancarlo bigazzi+steve piccolo+raffaele riefoli+laura branigan,2014.0
159324,786422,363785,thats all right,arthur big boy crudup,0,thats all right,arthur crudup+orion,2001.0
159489,498661,30753,will you miss me when i'm gone?,june carter cash,2003,will you miss me when im gone?,a.p. carter+june carter cash,2006.0
160512,337057,299790,dancing in the city,marshall hain,1990,dancing in the city,julian marshall+kit hain,1964.0
161855,939013,652414,it's christmas time again,peggy lee,1992,christmas time is here,lee mendelson+vince guaraldi+the carpenters,1977.0
162385,711699,182054,stay golden,au revoir simone,2005,stay golden,au revoir simone,2013.0
168464,295704,88830,la bomba,ricky martin,1998,la bomba,ricky martin,1963.0
169145,461742,475753,help me make it through the night,kris kristofferson,1970,help me make it through the night,kris kristofferson+romy haag,2009.0
169771,831478,653218,bleak house,phantom limbs,0,our house,phantom planet+graham nash,2005.0
170859,929345,76468,found a way,drake bell,2005,i found a way (instrumental),drake bell+michael corcoran,2004.0
174128,761943,98449,daydream believer (album version),john stewart,0,daydream believer,john stewart+neil patrick harris+molly mccook,2009.0
174129,410811,434047,bong toke,kottonmouth kings,2006,bong toke,brad xavier+dustin miller+timothy mcnutt+mike kumagai+kottonmouth kings,2006.0
175057,755907,413671,clandestino,manu chao,1998,clandestino,manu chao,2012.0
176344,592945,304185,ya empezó la fiesta,juan formell y los van van,1995,la fiesta terminó,juan carlos calderón+paloma san basilio,2013.0
176360,808382,236780,eureka!,the backyardigans,2006,eureka!,the backyardigans,2004.0
177714,156488,44196,c'est si bon,yves montand,1992,cest si bon,henri betti+yves montand,1982.0
177886,674199,446575,you dream flat tires,joni mitchell,1982,you dream flat tires,joni mitchell,2004.0
177935,822011,198104,everlong,foo fighters,1992,everlong,foo fighters,1999.0
177957,769876,500574,forever right or wrong (love's like a river),steve perry,1998,right or wrong,steve clisby,2014.0
181383,583778,368569,bye bye blackbird,ray brown,0,bye bye blackbird,ray henderson,1947.0
181468,651540,433942,the james bond theme,neil norman and his cosmic orchestra,0,james bond theme,monty norman,2012.0
181615,712508,105277,be my baby,vanessa paradis,1992,be my baby,gerry deveaux+lenny kravitz+vanessa paradis,2005.0
181650,814765,287559,unfinished sympathy,massive attack,1991,unfinished sympathy,grant marshall+andrew vowles+robert del naja+jonathan sharp+shara nelson+massive attack,2004.0
181667,883472,99786,all right now,free,0,all right now,free,1978.0
182686,798089,671667,love theme,the boston pops orchestra / john williams,0,love boat,jack jones+charles fox+paul williams,1976.0
183961,398561,22620,he'll never love you (like i do) (2007 digital remaster),freddie jackson,2007,hell never love you (like i do),keith diamond+barry eastmond+freddie jackson,1952.0
184026,574912,342272,head over feet (live/unplugged version),alanis morissette,0,head over feet,alanis morissette  / glen ballard+alanis morissette,1997.0
186062,571692,133928,radar love,golden earring,1973,radar love,barry hay+george kooymans+golden earring,2016.0
186080,536069,133928,school love,barry blue,2001,radar love,barry hay+george kooymans+golden earring,2016.0
186333,939856,378216,cowboys and clowns,ronnie milsap,1989,cowboys and clowns,steve dorff+gary harju+larry herbstritt+snuff garrett+ronnie milsap,1980.0
186510,956722,458417,hands of time,ron sexsmith,2006,hands,ron thal,2013.0
187145,951557,538649,lille (live),lisa hannigan,2009,lille,lisa hannigan,2009.0
188047,249483,303771,what my heart wants to say,gareth gates,2002,what my heart wants to say,jörgen elofsson+per magnusson+david kreuger+gareth gates,1964.0
188846,692861,393425,sha la la (hier est près de moi),claude françois,2001,sha la la (hier est près de moi)(yesterday once more)),richard carpenter+eddy marnay+claude françois,1979.0
190266,880330,304937,watts-hoffmann special,frank london´s klezmer brass allstars,2002,blackbird special,dirty dozen brass band+galactic,2010.0
190823,958532,635782,the heart of rock and roll (24-bit digitally remastered 99),huey lewis and the news,1983,the heart of rock n roll,huey lewis+johnny colla+the news,1985.0
193318,803239,217943,casanova's got the blues,richard clapton,1976,whos got the pain?,richard adler+jerry ross,2005.0
194822,454565,5525,don't believe in love,dido,2008,dont believe in love,dido,2008.0
197008,525153,105365,shine on you crazy diamond (live in gdansk),david gilmour,0,shine on you crazy diamond,david gilmour+roger waters+richard wright+pink floyd,2005.0
197407,827884,222922,closing theme,blue sky boys,0,spongebob squarepants closing theme,the blue hawaiians,1999.0
197419,883178,222922,closing theme,the salsoul orchestra,1994,spongebob squarepants closing theme,the blue hawaiians,1999.0
197552,604326,659630,i'm getting ready,ann nesby,0,im getting ready,shirley caesar+ann nesby,2003.0
199121,543577,152713,phantom of the opera (live) (1998 digital remaster),iron maiden,1985,phantom of the opera,iron maiden,2011.0
199947,563319,254381,a swingin safari,bert kaempfert and his orchestra,2003,a swingin safari (the theme of the match game),bert kaempfert,1962.0
201239,72345,666119,hark the herald angels sing,david francey,0,hark the herald angels sing,david kitay,2005.0
202069,811791,402022,deerslayer,black math horseman,2009,deerslayer,sera timms+ian barry+bryan tulao+sasha popovic+black math horseman,2012.0
202133,333557,594463,i put a spell on you,screamin jay hawkins,1956,i put a spell on you,screamin jay hawkins+marilyn manson,2002.0
207348,912508,438465,block of ice,the oh sees,0,block of ice,thee oh sees,2009.0
209124,449669,511200,the military,ornette coleman;london symphony orchestra,1972,military madcap,larry clinton+his orchestra,1938.0
209174,898924,701699,moving on up,m people,1993,moving on up,m people+mike pickering+paul heard,2013.0
209230,223590,448074,funny ways,gentle giant,1970,funny ways,gentle giant,2006.0
210297,958555,553931,rock around the clock,bill haley & the comets,0,around the horn,the bronx,2006.0
210408,784662,553931,around the world,the london pops orchestra,0,around the horn,the bronx,2006.0
212638,415088,713785,triste y vacia,willie colon/hector lavoe,1993,triste y vacia,hector lavoe,1983.0
213913,799370,423590,don't leave me,harry nilsson,1989,dont leave me baby,harry nilsson,1971.0
215420,509213,470961,loaded,primal scream,1990,loaded,bobby gillespie+andrew innes+robert young+primal scream,2016.0
217026,155883,43308,anyone who knows what love is (will understand),irma thomas,1964,anyone who knows what love is (will understand),irma thomas,2015.0
218648,88714,121217,main title,craig safan,1987,intervention main title,craig marks,2005.0
219282,930270,230005,smoke on the water (live - us b-side edit) (2010 digital remaster),deep purple,0,smoke on the water,ritchie blackmore+ian gillan+roger glover+jon lord+ian paice+deep purple,2005.0
222140,744224,543835,little bitty pretty one,thurston harris,1987,little bitty pretty one,bobby day+thurston harris,1969.0
228120,287186,20975,the carousel waltz,richard rodgers,0,carousel waltz,richard rodgers+julian ovenden+sierra boggess+the john wilson orchestra,2010.0
228741,612317,39574,i am loco (album version),ill nino,0,i am loco,ill nino,2002.0
229471,363082,528942,backyard betty,spank rock,2006,backyard betty,spank rock,2006.0
231321,784641,166334,things can only get better,howard jones,0,things can only get better,howard jones,2003.0
232322,846353,604015,i will not forget you,sarah mclachlan,1991,i will not forget you,sarah mclachlan   / darren phillips+sarah mclachlan,1999.0
232554,683067,167672,just dance,lady gaga / colby o'donis,2008,just dance,lady gaga,2007.0
233258,946131,399916,don't sit under the apple tree,the andrews sisters,1990,dont sit under the apple tree,sam h. stept+tyrone power  in the car,1943.0
234202,289581,260672,but you know i love you,dolly parton,1980,i will always love you,dolly parton,1967.0
236337,79687,493519,days of wine and roses,henry mancini,1988,days of wine and roses,henry mancini+andy williams,2009.0
236869,932168,11838,a fool in love - original,ike and tina turner,1992,a fool in love,ike turner+tamyra gray,2002.0
237373,696032,374488,love of a lifetime,larry gatlin & the gatlin brothers band,0,tunnel of love,bruce springsteen+e street band,1988.0
237393,959739,374488,the season of love,little river band,0,tunnel of love,bruce springsteen+e street band,1988.0
237586,749736,374488,sunshine of your love,jack bruce,1994,tunnel of love,bruce springsteen+e street band,1988.0
237703,289581,381791,but you know i love you,dolly parton,1980,i will always love you,dolly parton,2004.0
239191,940194,39412,this is the new shit (album version),marilyn manson,0,this is the new shit,marilyn manson+john 5,2000.0
240728,889049,417629,music for 18 musicians: section iiia,reich_ steve,1997,music for 18 musicians: section x,steve reich,2014.0
240830,375401,372325,she's so high (single version),blur,0,shes so high,blur,1993.0
240837,58796,523039,canción para mañana,los bunkers,0,canción para mañana,francisco durán+mauricio durán+los bunkers,2011.0
241609,739,103847,greedy,inara george,2005,greedy,inara george,2005.0
242257,907160,182295,it's gonna take time,embrace,0,its gonna take time,embrace,1998.0
242883,562209,372784,the time is right,michael hurley,0,the time is right,michael lloyd+jimmy scarlet+the dimensions,1986.0
243728,439102,546278,wedding bell blues,laura nyro,1967,wedding bell blues,laura nyro+liza minnelli+the bojangles,1970.0
245210,820139,586253,rivers of babylon,boney m.,1978,rivers of babylon,boney m.,2005.0
245475,599048,375355,i wish you'd stay,brad paisley,2001,i wish youd stay,brad paisley,2006.0
245541,223828,315230,wave of mutilation (uk surf version),pixies,2007,wave of mutilation,pixies,2009.0
245815,390215,379783,i could dance all night,john holt,0,all night dance,bennie wallace+stevie ray vaughan+dr. john,1988.0
247039,720862,701034,maybe not,cat power,2003,maybe not,cat power,2008.0
247505,676261,240045,unidentified main titles,trevor rabin,2009,the borgias main titles (instrumental),trevor morris,2011.0
248287,801047,440235,i got you babe,sonny & cher,1965,i got you babe,sonny bono,1996.0
248386,45806,440235,i got you babe  (instrumental),sonny & cher,0,i got you babe,sonny bono,1996.0
251473,961583,670159,way down,taylor hawkins & the coattail riders,2010,fuckin down,the revision,2004.0
252643,847528,369542,black water,method of defiance,2007,black bags,luke meneok+david edward james kolenski+13 bags of dick,2012.0
252782,332181,330307,knock on wood,steve cropper / pop staples / albert king,0,knock on wood,mary griffin+eddie floyd+steve cropper,1998.0
253120,910762,542679,the unknown soldier ( lp version ),the doors,1968,the unknown soldier,jim morrison+robby krieger+ray manzarek+john densmore+the doors,1994.0
255295,789704,346016,ooh poo pah doo (part 1) (2002 digital remaster),jessie hill,0,ooh poo pah doo,jessie hill+the who,2007.0
258011,405528,94653,prison break - main title season 3,ramin djawadi,0,game of thrones - main title,ramin djawadi,2011.0
259463,544604,430938,it don't mean a thing (if it ain't got that swing),duke ellington & his orchestra,1932,it dont mean a thing (if it aint got that swing),irving mills+duke ellington,1973.0
261178,961295,258341,let it take you there,maximum joy,2008,let it roll,maximum roach,2003.0
263997,591181,236517,wishing i was lucky,wet wet wet,1987,wishing i was lucky,wet wet wet,2002.0
268797,639456,399207,it wasn't god who made honky tonk angels,kitty wells,1952,it wasnt god who made honky tonk angels,j.d. miller+kitty wells,2010.0
269635,165585,602162,luonas kai olla saan,juice leskinen,1994,luonas kai olla saa,juice leskinen+juice leskinen slam,1981.0
269636,721760,733300,cadillac solitario (live),loquillo y los trogloditas,0,cadillac solitario,sabino méndez+loquillo y trogloditas,1989.0
270894,877820,188694,i finally know,boyz ii men,2000,i know you know,steve franks+boys ii men,2006.0
272510,406542,427130,el vals del mono loco,maría josé hernández,0,vals del regreso,josé luis castiñeira de dios+susana lago,1985.0
272522,901440,259368,proud mary,tina turner,1988,proud mary,john fogerty+tina turner,1986.0
273539,949649,285868,the way you make me feel,michael jackson,1987,the way you make me feel,michael jackson+jls,2004.0
275043,263658,22290,caruso,lucio dalla,1986,caruso,lucio dalla,2007.0
275044,747178,706484,numb,u2,1993,numb,u2,1993.0
275584,283879,304652,honky tonk,new riders of the purple sage,0,honky tonk barstool,zach selwyn+zachariah+the lobos riders,2001.0
276165,959352,602188,someday (you'll be sorry),louis armstrong with the commanders,0,someday youll be sorry,louis armstrong,1979.0
276177,656230,731130,feuer frei,rammstein,2003,feuer frei!,rammstein,2008.0
276447,955631,313472,if i had a heart,fever ray,2008,if i had a heart,karin dreijer andersson+fever ray,2013.0
277071,944846,282465,pump it,black eyed peas,2005,pump it,nicholas roubanis+fergie+thomas van musser+will.i.am+apl.de.ap+the black eyed peas+dick dale,2012.0
280200,961181,114380,hey bartender,dan hicks and the hot licks,2004,hey beautiful,the solids,2005.0
280360,821397,109022,heroes theme,wendy & lisa (feat. shenkar),0,hiros theme,wendy melvoin+lisa coleman,2006.0
280363,215284,484162,jingle bells (album version),boney james,0,jingle bells,james pierpont,1945.0
280939,754254,225106,star trek: first contact- end title,jerry goldsmith,0,end title,joel goldsmith,1997.0
281673,215337,566281,dramatic story (1-12),charles williams,0,dramatic story,charles williams,1955.0
281703,842035,481405,you'll never tango,john powell,2009,youll never tango,john powell,2009.0
284230,957117,407329,what's new,frank ifield,0,new highway,frank tapp,1954.0
284343,798089,302279,love theme,the boston pops orchestra / john williams,0,love spreads,john squire+the stone roses,1964.0
284415,854307,302279,love spreads,the stone roses,1994,love spreads,john squire+the stone roses,1964.0
284467,827884,221548,closing theme,blue sky boys,0,spongebob squarepants closing theme,the blue hawaiians+bikini bottom band,1999.0
284479,883178,221548,closing theme,the salsoul orchestra,1994,spongebob squarepants closing theme,the blue hawaiians+bikini bottom band,1999.0
284768,177889,509967,you can't always get what you want,the rolling stones,1969,you cant always get what you want,mick jagger+keith richards+the rolling stones,1973.0
286238,873818,711614,dance of the reed-pipes,chicago symphony orchestra / sir georg solti,0,the legend of the house,james kenelm clarke+james clarke orchestra,1974.0
286515,957807,711614,valley of the shadows,bob james,1974,the legend of the house,james kenelm clarke+james clarke orchestra,1974.0
288154,935445,61778,the impossible,joe nichols,2002,the impossible dream,mitch leigh+lyrics by joe darion+mike burstyn,1978.0
288885,502256,627280,knut,the unwinding hours,2010,knut,craig b.+iain cook+the unwinding hours,2014.0
290222,774042,118325,wrap my words around you,daniel bedingfield,2004,wrap my words around you,daniel bedingfield+tats nkonzo,2002.0
290532,570892,149721,love,kele le roc,0,my love,kele le roc,1975.0
290771,722426,424636,don't cha,the pussycat dolls,2005,dont cha,sir mix a lot+ceelo green+busta rhymes+the pussycat dolls,2010.0
293162,95585,446278,blue jeans sur la plage,les hou-lops,2000,blue jeans sur la plage,claude dominique+louise rousseau+les hou-lops,2011.0
294044,836598,492233,he went to paris,jimmy buffett,1973,he went to paris,jimmy buffett+the coral reefer band,2009.0
295392,761434,605258,what if god fell from the sky,danielle brisebois,0,what if god fell from the sky,gregg alexander+danielle brisebois,2004.0
295826,952933,571313,falling in love again,marlene dietrich,1990,falling in love again,friedrich hollaender+marlene dietrich,2000.0
296711,956494,563076,the birds,the high dials,2003,the prodigal,sacha sacket+sacha sacket  from the album shadowed,2005.0
299218,542617,434416,the fun lovin' criminal,fun lovin' criminals,1996,the fun lovin criminal,fun lovin criminals,2001.0
300781,304778,33762,hymn for my father,collective soul,2009,hymn to my father,collective soul,2011.0
301623,961100,536200,the mindstraights,five fingers of funk,1995,the cutter,echo+the bunnymen+ian mcculloch   / will sergeant+les pattinson+pete defreitas+kind permission of warner/chappell music limited,2001.0
303045,836215,616408,the reason,hoobastank,2003,the reason,hoobastank,2007.0
303882,921943,692711,ain't that loving you baby,jimmy reed,1997,aint that lovin you baby,jimmy reed,1982.0
307633,770895,146903,cross my heart,everything but the girl,1986,cross my heart & hope to fly,the courteeners,2011.0
308978,912980,367933,body and soul,the benny goodman sextet,0,body & soul,benny goodman,2012.0
309576,284019,485518,puppy love,donny osmond,1972,puppy love,paul anka+donny osmond,2001.0
309661,594874,485518,love child,the rippingtons / eric marienthal / paul taylor,2000,puppy love,paul anka+donny osmond,2001.0
312391,454053,495500,all i want is you,barry louis polisar,1977,all i want is you,barry louis polisar,2007.0
315894,907484,657884,our lips are sealed (feat. jane wiedlin),the specials and fun boy three,0,our lips are sealed,terry hall+jane wiedlin+fun boy three,2015.0
316190,609984,447101,diosa del sur,fernando ubiergo,0,camino del sur,fernando garcía morcillo+josé maría elorrieta+m. remis+maruchy taylor+josé guardiola,1964.0
316608,469106,668968,i love the life i live,georgie fame & the blue flames,0,the love i lost,kenny gamble+leon huff+harold melvin+the blue notes  (as harold melvin+the blue notes)+arrangement with sony music licensing,1998.0
316847,922269,668968,the love i lost (part 1),harold melvin & the blue notes,0,the love i lost,kenny gamble+leon huff+harold melvin+the blue notes  (as harold melvin+the blue notes)+arrangement with sony music licensing,1998.0
318521,825112,4245,when i fall in love,victor young,0,when i fall in love,victor young+edward heyman+beverley mitchell+alice hirson,1996.0
320069,952441,120860,9 to 5,dolly parton,1980,9 to 5,dolly parton,2007.0
322635,850204,79541,alive and kicking (live),simple minds,1991,alive and kicking,jim kerr+charlie burchill+mick macneil+simple minds,2009.0
326925,949414,299892,you're the one that i want,john travolta / olivia newton-john,1978,youre the one that i want,john travolta+olivia newton-john,1964.0
327715,888278,255151,game set and match,the herbaliser,2008,the match game,the score production band,1962.0
328654,956494,397270,the birds,the high dials,2003,birds in the trees,the residents,2000.0
329062,279130,73309,hot fun in the summertime,sly & the family stone,1969,in the pines,dolly parton+the parton family,1976.0
329137,539037,73309,islands in the stream,kenny rogers & dolly parton,1990,in the pines,dolly parton+the parton family,1976.0
329633,800964,44608,one more murder (lp version),better than ezra,2005,one more murder,better than ezra,1998.0
331393,961500,175833,until you crack,the union underground,2000,you,the katherines,2013.0
332835,773794,123444,nova,amon tobin,1998,nova,amon tobin,2000.0
333518,570972,104139,the four seasons - spring - allegro,antonio vivaldi,1989,four seasons spring allegro,antonio vivaldi,2011.0
333523,881864,120063,she's lost control,the len price 3,0,control,the beatnigs,1999.0
333548,722722,127562,redemption day,sheryl crow,1996,this day,sheryl crow,2012.0
337337,235066,242935,don't worry,marty robbins,1961,dont worry,marty robbins,1965.0
337874,900761,313181,6/20 song,dan israel,0,waggamuffins song,dan schneider,2010.0
338274,885385,527328,brahms : string quartet no.1 in c minor op.51 no.1 : iv allegro,borodin string quartet,0,string quartet no.1 in a,alexander borodin+musopen string quartet,2016.0
339163,113039,219787,salvador sanchez (acoustic),sun kil moon,0,salvador sanchez,sun kil moon,2008.0
339469,14217,254222,cincinnati ohio,connie smith,0,cincinnati  ohio,bill anderson+connie smith,2008.0
339554,504504,210982,long time gone,everly brothers,0,gone gone gone,don everly+phil everly+the everly brothers,1964.0
340399,666925,665406,a whiter shade of pale,procol harum,1967,a whiter shade of pale,keith reid+gary brooker+matthew fisher+procol harum,2010.0
340491,791873,93091,let it snow! let it snow! let it snow!,vaughn monroe,1989,let it snow! let it snow! let it snow!,sammy cahn+jule styne+vaughn monroe,1994.0
340577,921699,210545,freight train,elizabeth cotten,1958,freight train,elizabeth cotten+dick+dee dee,1964.0
343015,590686,211671,i found love,barry white,1995,i love how you love me,barry mann+larry kolber+nino tempo+april stevens,1965.0
343652,417989,536696,love is the law,paul kelly,0,love to the limit,paul sabu+neil+only child,1992.0
344223,552234,460556,hard to see,five finger death punch,2009,hard to see,zoltan bathory+ivan l greening+thomas jason grinstead+jeremy spencer heyde+matt snell+kevin churko+five finger death punch,2010.0
344888,950758,171217,two people in the world,little anthony & the imperials,1958,in the shadows,lauri ylönen+eero heinonen+pauli rantasalmi+aki hakala  )+the rasmus,2006.0
344907,279130,171217,hot fun in the summertime,sly & the family stone,1969,in the shadows,lauri ylönen+eero heinonen+pauli rantasalmi+aki hakala  )+the rasmus,2006.0
345449,803263,3295,dazed and confused (live album version),led zeppelin,0,dazed and confused,jimmy page+led zeppelin,1979.0
345659,949302,77887,fools in love,inara george,2005,cant help falling in love,george david weiss+hugo peretti+luigi creatore+elvis presley,1994.0
347386,853178,246698,non je ne regrette rien (live À l'olympia 1962),edith piaf,0,non je ne regrette rien,charles dumont+lyrics by michel vaucaire+Édith piaf,2009.0
347431,583778,44222,bye bye blackbird,ray brown,0,bye bye blackbird,ray henderson+mort dixon,2001.0
351234,869782,362659,all alone am i,percy faith & his orchestra,0,i walk alone,mattias lindblom+anders wollbeck+harry sommerdahl+tarja turunen+mike terrana+bohuslav martinu philharmonic orchestra,2014.0
352422,279130,161136,hot fun in the summertime,sly & the family stone,1969,hot fun in the summertime,sly+the family stone,1969.0
354392,389315,685413,new theory,washed out,2009,new theory,washed out+arrangement with terrorbird media,2013.0
354493,644959,588237,i miss you babe,wighnomy brothers,2002,i miss you so,jimmy henderson+bertha scott+sid robin+the voltage brothers,1994.0
355791,752301,298257,i want to know what love is (lp version),foreigner,0,i want to know what love is,foreigner,2002.0
358433,563319,254343,a swingin safari,bert kaempfert and his orchestra,2003,a swingin safari (the theme of the match game),bert kaempfert,1962.0
359187,903953,493516,satin doll,the duke ellington orchestra / johnny hodges / benny carter / jimmy hamilton / paul gonsalves,1987,satin doll,duke ellington+billy strayhorn+johnny mercer+mel tormé,2009.0
359188,428023,451121,roadrunner,joan jett & the blackhearts,0,roadrunner,jonathan richman+joan jett+the blackhearts  (as joan jett+the blackhearts),2002.0
359376,754805,300675,gonna get along without you now (noel w. sanger remix),viola wills,0,gonna get along without you now,milton kellem+viola wills,1964.0
362299,900720,630399,downtown line,griffin house,2006,downtown groove,house of downtown,2001.0
362304,935960,363703,wedding waltz,jaco pastorius_ brian melvin,0,moon waltz,brian reitzell,2010.0
362319,197315,267576,at seventeen,janis ian,1975,at seventeen,janis ian,1989.0
362353,631109,576730,you're slightly terrific,tony martin,0,youre slightly terrific,lew pollack+tony martin,1936.0
363187,190257,484098,c. c. rider,warner williams and jay summerour,0,cloud rider,noah warner,2013.0
363571,928096,144398,morfina,mundo cão,2006,morfina,mundo cão,2010.0
367472,359321,429751,know your rights,the clash,1982,know your rights,joe strummer+mick jones+the clash,2005.0
368559,842989,711689,how does it feel,sugarcult,2000,how does it feel,sugarcult,2002.0
369837,281343,474941,hot child in the city (single version),nick gilder,0,hot child in the city,nick gilder+jimmy mcculloch,1987.0
370854,912892,529467,give me just a little more time,chairmen of the board,1970,give me just a little more time,ron dunbar+eddie holland+chairman of the board,2001.0
371030,702210,149498,love is all around (the mary tyler moor show theme),sonny curtis,0,love is all around,sonny curtis,1970.0
372246,808872,485385,brand new key - re-recording (by original artist),melanie,0,brand new key,melanie,2005.0
372369,959050,516151,travelling version,king tubby & friends,2003,travelling man,the bony king of nowhere,2011.0
372445,764382,47356,no excuses,alice in chains,1994,no excuses,alice in chains,2003.0
373156,494461,298987,birds of a feather (2002 digital remaster),joe south,2002,birds of a feather,joe south+johnny nash,1964.0
374520,182729,539793,the spider and the fly [featuring james cotton] (album version),kenny wayne shepherd,0,the spider and the fly,mick jagger+keith richards+kenny wayne shepherd+james cotton,1996.0
377804,718302,258993,after closing time,david houston,0,closing time,dan wilson+semisonic+leslie david baker+jenna fischer+ed helms,2005.0
378937,561802,643238,be a clown (finale from 'the pirate'),judy garland & gene kelly,0,be a clown,cole porter+gene kelly+judy garland,1976.0
380236,208951,1116,no longer umpire (lp version),alice cooper,1969,no longer umpire,alice cooper+glen buxton+michael bruce+dennis dunaway+neal smith,2005.0
380827,564209,248827,west coast u.s.a.,keith mansfield,0,west coast surf ride,keith mansfield,2006.0
381116,840236,555107,post modern sleaze,sneaker pimps,1997,post modern sleaze,the sneaker pimps,2002.0
382160,846051,455072,ballad of a thin man,bob dylan & the band,1965,ballad of a thin man,bob dylan,2008.0
382405,892395,443085,kill me,make the girl dance,0,kill me,greg kozo+pierre mathieu+make the girl dance,2013.0
382445,830914,99270,moonlight serenade,glenn miller orchestra,0,moonlight serenade,glenn miller+johnny desmond+his orchestra,1961.0
385222,325918,476427,horizon variations,max richter,2004,horizon variations,max richter,2011.0
386020,574154,616599,battle of evermore,jimmy page / robert plant,0,battle of evermore,jimmy page+robert plant+the lovemongers,1992.0
386443,749736,702296,sunshine of your love,jack bruce,1994,sunshine of your love,jack bruce+pete brown+eric clapton+cream,2003.0
388459,563319,255611,a swingin safari,bert kaempfert and his orchestra,2003,a swingin safari (the match game),bert kaempfert,1962.0
390315,712305,279893,new york_ new york (main theme),the boston pops orchestra / john williams,0,new york  new york,john kander+fred ebb+liza minnelli,2004.0
391081,764339,215809,to build a home,the cinematic orchestra,2007,to build a home,patrick watson+jason swinscoe+phil france+stella page+the cinematic orchestra,2008.0
392927,925684,452543,love machine (tony lamezma mix),girls aloud,0,love machine,girls aloud,2005.0
393312,959190,656614,total eclipse of the heart 2006,diva dj's vs nicki french,0,total eclipse of the heart,jim steinman+nicki french,2003.0
394001,843569,545633,big sky,peter buffett,1987,big show,peter neff+ed roscetti,2008.0
395329,222384,179755,train song,vashti bunyan,1966,train song,jennifer vashti bunyan+alasdair+vashti bunyan,2015.0
395432,827023,650257,crimson and clover,tommy james and the shondells,1969,crimson and clover,tommy james+peter p. lucia jr.+the shondells+arrangement with warner music group film+tv licensing,2009.0
395640,960960,401418,bad boy,john prine,1986,spy boy,john hiatt,1980.0
396067,961286,101167,piss on the youth,the briefs,0,on the run,the lost patrol,2007.0
396097,774679,101167,on the beach at waikiki,the king sisters,0,on the run,the lost patrol,2007.0
396276,786988,328503,it ain't easy being easy,janie fricke,1993,it aint easy being easy,janie fricke,1986.0
399383,781079,680388,tears (classic vocal),frankie knuckles presents satoshi tomiie,0,tears,frankie knuckles,1989.0
401630,922527,392,losing my religion [live in dublin],r.e.m.,0,losing my religion,r.e.m.,2007.0
403970,157010,696053,paxton quigley's had the course,chad & jeremy; arranged and conducted by chad stuart,1969,paxton quigleys had the course,chad stuart+jeremy clyde+chad+jeremy,1968.0
404180,517682,185360,supermodels,kendall payne,2000,supermodels,kendall payne,1999.0
404793,746055,43638,i heard it through the grapevine,michael mcdonald,0,i heard it through the grapevine,norman whitfield+barrett strong+michael mcdonald,2003.0
405411,182671,57936,dancin' fool,barry manilow,1980,dancin fool,barry manilow,2004.0
406443,668613,480927,the lonesome death of hattie carroll,bob dylan,1964,the lonesome death of hattie caroll,mason jennings+bob dylan,2007.0
407142,702210,149515,love is all around (the mary tyler moor show theme),sonny curtis,0,love is all around,sonny curtis,1970.0
407833,898468,135407,theme from 'rawhide',west end orchestra & singers,0,theme from hawaii five-o,morton stevens+the cbs orchestra,1993.0
407849,960516,135407,theme from stormy weekend,the mystic moods orchestra,0,theme from hawaii five-o,morton stevens+the cbs orchestra,1993.0
408540,888278,255028,game set and match,the herbaliser,2008,the match game,the score production band,1962.0
409403,924490,190833,dance_ dance,fall out boy,0,dance  dance,fall out boy,2015.0
412150,661840,519748,french song,franz bauer,0,excelsior song,franz liszt+paul nicholas,1975.0
413115,33099,472741,once upon a time in the west,ennio morricone,1986,once upon a time in the west,ennio morricone+orf radio-symphonieorchester wien,2012.0
413644,275058,227319,cosmic love,florence + the machine,2009,cosmic love,florence welch+isabella summers+florence+the machine,2004.0
414206,662601,374073,pintame,elvis crespo,0,pintame,elvis crespo+kind permission of sony/atv music publishing limited,2000.0
414220,563341,364203,amazing grace,john mcdermott,0,amazing grace,john newton,2007.0
415034,660217,1614,i like that,richard vission & static avanger starring luciana,0,i like that,richard humpty vission+static revenger starring luciana caporaso+dennis g. white+luciana caporaso+nicholas clow,2005.0
416419,607200,300035,teenage kicks (1st derry demos '78),the undertones,0,teenage kicks,john oneill+the undertones,1964.0
416675,412010,612450,everyday is a winding road,sheryl crow,1996,everyday is a winding road,sheryl crow+jeffrey trott+brian macleod,2000.0
418105,748284,144864,splitting the atom,massive attack,2009,splitting the atom,massive attack,2011.0
419112,139428,647678,doctor my eyes,jackson 5,1972,doctor my eyes,jackson browne+ben folds,2002.0
419414,798089,617813,love theme,the boston pops orchestra / john williams,0,tough love,john kekar+steve parrish+spank the blond,1994.0
419435,594874,617813,love child,the rippingtons / eric marienthal / paul taylor,2000,tough love,john kekar+steve parrish+spank the blond,1994.0
419444,275058,617813,cosmic love,florence + the machine,2009,tough love,john kekar+steve parrish+spank the blond,1994.0
419486,854307,617813,love spreads,the stone roses,1994,tough love,john kekar+steve parrish+spank the blond,1994.0
420792,45210,174720,deixa disso,felipe dylon,0,deixa disso,felipe dylon,2010.0
421016,181687,71767,amor particular,lluís llach,1984,amor particular,lluís llach+miquel abras+rozalén,2009.0
421698,588165,407531,mundo raro,enrique urquijo y los problemas,2001,un mundo raro,los diamantes,1989.0
423060,594874,106568,love child,the rippingtons / eric marienthal / paul taylor,2000,scoobidoo love,paul rothman,2000.0
423171,684008,50931,oh lonesome me,don gibson,1958,oh lonesome me,don gibson+chet atkins,1957.0
425722,873818,33634,dance of the reed-pipes,chicago symphony orchestra / sir georg solti,0,the sheik of araby,harry b. smith+francis wheeler+ted snyder+vince giordano+his nighthawks orchestra  (as vince giordano+the nighthawks),2010.0
426803,933746,297390,do you wanna dance,bobby freeman,1959,do you wanna dance,bobby freeman+cliff richard,1990.0
427078,620926,178058,freely,devendra banhart,2007,freely ,devendra banhart,2010.0
428019,792314,454032,beautiful,sean slaughter,0,beautiful,sean guerrero,2012.0
429062,886565,593571,memories of the grove,maylene and the sons of disaster,2007,revenge of the nerds,malcolm barrett+verbal the rapper,2011.0
429101,957945,593571,the wheels of love,the jet set,0,revenge of the nerds,malcolm barrett+verbal the rapper,2011.0
429309,949656,593571,music of the spheres,the receiving end of sirens,2007,revenge of the nerds,malcolm barrett+verbal the rapper,2011.0
429310,872858,593571,people of the sun,rage against the machine,1994,revenge of the nerds,malcolm barrett+verbal the rapper,2011.0
429347,955283,593571,children of the universe,ras michael and the sons of negus,0,revenge of the nerds,malcolm barrett+verbal the rapper,2011.0
429905,295585,379411,solo le pido a dios,león gieco,0,solo le pido a dios,león gieco,1983.0
431070,933149,295072,the nutcracker op.71-atto 1 - marche,pyotr il'yich tchaikovsky,0,the nutcracker - march,pyotr ilyich tchaikovsky,1990.0
431960,860541,433978,sixteen candles,the crests,1962,sweet sixteen,the deadly snakes+age of danger,2006.0
431975,600219,432818,ca plane pour moi,plastic bertrand,1992,ca plane pour moi,lou de prijck+yves lacomblez+plastic bertrand,2004.0
433537,955860,471582,rodeo boy,fred eaglesmith,0,my boy my boy,fred spielman+written for this movie but not sung; it may have been played in the score,1941.0
433563,889090,471582,toy boy,stuck in the sound,2006,my boy my boy,fred spielman+written for this movie but not sung; it may have been played in the score,1941.0
433608,624978,471582,my girl,the rolling stones,1967,my boy my boy,fred spielman+written for this movie but not sung; it may have been played in the score,1941.0
435137,927167,281448,please send me someone to love,clarence 'gatemouth' brown,0,send him to me,barbara brown,2009.0
435520,177889,40278,you can't always get what you want,the rolling stones,1969,you cant always get what you want,- mick jagger+keith richards+- the washington chorus,2007.0
435666,783771,457582,a crisis in mid life,the tangent,0,in real life,the ruby suns+ryan mcphun,2013.0
436364,124515,162249,voodoo people (pendulum mix),the prodigy,2006,voodoo people,the prodigy,2013.0
437015,900799,725118,stardust,hoagy carmichael,1927,stardust,hoagy carmichael+mitchell parish+glenn miller+arrangement with warner special products,1998.0
438779,557577,365681,breaking up is hard to do,neil sedaka,1962,breakin up is hard to do,neil sedaka+howard greenfield,1985.0
438978,721526,258682,favourite friend,diefenbach,2005,my favourite friend,diefenbach,2003.0
439074,143579,34159,mona lisa,grant lee phillips,2004,mona lisa,grant lee phillips,2005.0
439435,954633,547797,me and mrs jones,billy paul,0,me and mrs jones,kenny gamble    / cary gilbert   / leon huff+billy paul,2010.0
439563,801376,142047,ride captain ride [single version],blues image,0,ride captain ride,blues image,2004.0
439998,708216,35017,jump (for my love),the pointer sisters,1984,jump (for my love),the pointer sisters,2016.0
440036,26759,23319,guitar rag,sylvester weaver,1997,guitar rag,sylvester weaver+arrangement with sony music licensing,1994.0
441948,933149,676242,the nutcracker op.71-atto 1 - marche,pyotr il'yich tchaikovsky,0,the nutcracker,pyotr ilyich tchaikovsky,1990.0
442323,730682,676242,waltz of the flowers from  nutcracker,pyotr il'yich tchaikovsky,0,the nutcracker,pyotr ilyich tchaikovsky,1990.0
442340,760585,558858,fearless,the bravery,2004,fearless,sam endicott+the bravery,2004.0
443710,499281,47564,maniac,michael sembello,1983,maniac,michael sembello,2003.0
444111,948031,690973,the thénardier waltz of treachery,colm wilkinson / jennifer butt / leo burmester / robert billig / various artists,0,the tolstoy waltz,leo tolstoy+imogen cooper,2005.0
445762,693411,537818,don't get around much anymore,duke ellington,2000,dont get around much anymore,duke ellington+dick hyman,2004.0
445794,761943,25689,daydream believer (album version),john stewart,0,daydream believer,john stewart+the monkees,2009.0
446412,395909,103165,in spite of me,greg laswell,2009,in spite of me,greg laswell,2005.0
446561,700519,315888,dog shelter,burial,2007,dog shelter,burial,2006.0
447904,513286,557919,las mañanitas,lola beltrán,0,las mañanitas,lola beltrán+arrangement with warner music group film+tv licensing,2007.0
449255,332500,566786,fight the power (live),public enemy,2006,fight the power,public enemy,2015.0
451170,369574,567750,seison torilla 'le deserteur,kaisa korhonen,0,seison torilla (le deserteur),boris vian+kaisa korhonen,1966.0
451221,53657,387386,one world,celtic woman,2005,one world,celtic woman+chloë agnew+Órla fallon+lisa kelly  ),2005.0
451624,958270,182371,love is strange,mickey & sylvia,1957,love is strange,mickey baker+bo diddley+sylvia robinson+mickey+sylvia,2013.0
452808,198779,533839,white trash,marilyn manson,0,white trash,marilyn manson+the spooky kids,2009.0
454233,174819,509195,what is this thing called love?,cole porter,0,what is this thing called love?,cole porter+frank sinatra,2007.0
455315,395710,353795,Évasion de julien,miles davis,0,Évasion de julien,miles davis+barney wilen+emilhenco  (as rené urtreger+piano)+pierre michelot+kenny clarke,1958.0
455537,854268,553199,i'm so excited,the pointer sisters,1982,im so excited,anita pointer+june pointer+ruth pointer+trevor lawrence+the pointer sisters,1983.0
455739,610324,385157,fiesta de jerez,carmen amaya,0,fiesta de jerez,carmen amaya,2002.0
456060,917179,138816,as time goes by,dooley wilson,1990,as time goes by,herman hupfeld+dooley wilson,1983.0
456159,946015,616812,number one,john legend,2005,mark one,john dankworth+his orchestra,2010.0
458807,869486,551107,mystery train,junior parker,1989,mystery train,junior parker,1989.0
458992,958557,717165,main theme from total recall,orlando pops orchestra and andrew lane,0,main theme,the string section of london symphony orchestra,2001.0
458996,729842,717165,main theme from star wars,orlando pops orchestra and andrew lane,0,main theme,the string section of london symphony orchestra,2001.0
459009,798089,717165,love theme,the boston pops orchestra / john williams,0,main theme,the string section of london symphony orchestra,2001.0
459016,883178,717165,closing theme,the salsoul orchestra,1994,main theme,the string section of london symphony orchestra,2001.0
459030,862967,717165,main title,the boston pops orchestra / john williams,0,main theme,the string section of london symphony orchestra,2001.0
460399,679695,493833,lie to me,jonny lang,1997,lie to me,bruce mccabe+david zablidowsky+jonny lang,1999.0
461818,914062,692279,child's play,merl saunders,0,gun play,kevin saunders hayes+robert j. walsh,1997.0
462706,411629,17878,the imperial march,john williams,0,imperial march,john williams,2008.0
468185,714256,211220,shake and fingerpop,junior walker,1996,shake and fingerpop,junior walker+lawrence horn+willie woods+jackie deshannon+bobby sherman+delaney bramlett+joey cooper,1964.0
468282,917713,230891,mercedes benz - remix,janis joplin vs medicine head,0,mercedes benz,janis joplin+michael mcclure+bob neuwirth,1984.0
468914,54611,543704,mona lisa (digitally remastered),nat king cole,0,mona lisa,jay livingston+ray evans+nat king cole,1986.0
472333,886565,699494,memories of the grove,maylene and the sons of disaster,2007,memories of the grove,maylene+the sons of disaster,2007.0
472579,949656,699494,music of the spheres,the receiving end of sirens,2007,memories of the grove,maylene+the sons of disaster,2007.0
472617,955283,699494,children of the universe,ras michael and the sons of negus,0,memories of the grove,maylene+the sons of disaster,2007.0
472645,891330,508629,nos mains,jean-jacques goldman,1997,nos mains,jean-jacques goldman,2013.0
473013,385692,722662,the inch worm (digitally remastered),danny kaye,0,the inch worm,frank loesser+danny kaye,2014.0
473426,882408,162263,it's raining men,the weather girls,1982,its raining men,paul jabara+paul shaffer+the weather girls,2013.0
473790,953633,66677,À espera de godot,delfins,0,À espera de godot,delfins,2007.0
473850,88714,121320,main title,craig safan,1987,intervention main title,craig marks,2005.0
474009,926712,301265,don't stand so close to me,the police,1980,dont stand so close to me,the police,1964.0
481400,445023,413832,nights are forever without you (lp version),england dan & john ford coley,0,nights are forever without you,parker mcgee+dan seals+john ford coley+arrangement with warner strategic marketing,2003.0
482040,493604,472597,if i loved you (reprise),gordon macrae,0,if i loved you,richard rodgers+shirley jones+gordon macrae,2008.0
482376,276195,24900,cum on feel the noize,quiet riot,1983,cum on feel the noize,noddy holder+jim lea+quiet riot,1993.0
484268,226179,73183,thank god i'm a country boy,john denver,1974,thank god im a country girl/boy,john martin sommers+dolly parton+chuck woolery,1976.0
485351,731580,550080,and they all look broken hearted,four tet,2003,and they all look so broken hearted,kieran miles+david hebden+four tet,2007.0
488156,690514,459260,true,spandau ballet,1983,true,gary kemp+spandau ballet,2003.0
488422,542942,574020,la cucaracha,los del sol,0,la cucaracha,sol azteca,2016.0
488858,754254,224516,star trek: first contact- end title,jerry goldsmith,0,star trek: the next generation main title,jerry goldsmith+alexander courage,1987.0
491249,384359,426272,mi chica se ha ido a katmandu,los nikis,2005,mi chica se ha ido a katmandú,arturo pérez+los nikis,2005.0
493136,749385,4560,girls just want to have fun,cyndi lauper,1983,girls just want to have fun,robert hazard+cyndi lauper,2008.0
493345,369958,304544,la gavina,marina rossell,0,la gavina,frederic sirés.+marina rossell,2004.0
495228,43628,284963,the body of an american,the pogues,1986,body of an american,the pogues,2002.0
496406,696138,217635,reet petite,jackie wilson,1987,reet petite,berry gordy+billy davis+jackie wilson,2005.0
496929,951505,521346,hippy hippy shake,the swinging blue jeans,1963,shake it,the harpoonist+the axe murderer,2014.0
498565,819917,663728,undun,the guess who,0,undun,randy bachman+the guess who,2004.0
498606,755679,606716,nu flow,big brovaz,2002,nu flow,m. mugisha+temi tayo aisida+john paul horsley+big brovaz,2004.0
499385,517258,550753,i want you to keep everything,these united states,2009,i want you to keep everything,jesse elliott+these united states,2010.0
500174,828715,51389,coleen,the heavy,2008,coleen,the heavy,2008.0
501318,751741,336837,250 miles,radio moscow,2009,250 miles,parker griggs+radio moscow,2011.0
502336,763822,80705,conga,miami sound machine,1985,conga,miami sound machine,2006.0
502523,663504,659266,area codes,ludacris / nate dogg,2001,area codes,ludacris+nate dogg,2001.0
502941,678431,472865,amor sin medida,josé alfredo jimenez con mariachi vargas de tecalitlan,0,sin un amor,alfredo gil+chucho navarro+ben affleck+diego fuentes,2006.0
503006,952798,16101,so into you,atlanta rhythm section,1976,so into you,buddy buie+dean daughtry+robert nix+the atlanta rhythm section,1998.0
505099,947052,301954,relax,frankie goes to hollywood,1983,relax,holly johnson+peter gill+mark otoole+frankie goes to hollywood,1964.0
505375,370750,592303,la chanson du maçon,maurice chevalier,0,la chanson du maçon,henri betti+maurice chevalier,1954.0
505441,944704,65145,canção simples,tiago bettencourt,2007,canção simples,tiago bettencourt,2007.0
507261,926383,488779,man i wanna be,head east,2000,man i wanna be,head east,1979.0
507950,539037,329882,islands in the stream,kenny rogers & dolly parton,1990,islands in the stream,barry gibb+robin gibb+maurice gibb+kenny rogers+dolly parton,2006.0
508476,795646,365312,tush,zz top,1975,tush,zz top+kix brooks+ronnie dunn,2009.0
508719,938971,114136,what have you done,naomi shelton & the gospel queens,0,gotta have you,the weepies,2005.0
509114,629847,692133,if i only had a brain,mc 900 ft jesus,1994,if i only had a brain,mc 900 ft. jesus,2003.0
509293,919277,320117,the story,tim,0,whats the story  wishbone?,tim cissell,1995.0
510334,955283,611751,children of the universe,ras michael and the sons of negus,0,the leader of the band,michael carr+jimmy kennedy,1935.0
511395,678106,118741,big big world,emilia,0,big big world,emilia mitiku+lasse andersson+titta hakala,2003.0
511617,795849,549886,,milton,0,over and over,milton raison+everett carter+bob crosby,1944.0
512989,795849,668566,,milton,0,victory song,milton drake+lanny ross,1938.0
513130,795849,437387,,milton,0,perfidia,milton leeds+alberto domínguez+desi arnaz,1941.0
513928,795849,300675,,milton,0,gonna get along without you now,milton kellem+viola wills,1964.0
514422,795849,374464,,milton,0,nothin worries me,milton rosen+oliver drake+jimmy wakely,1942.0
514671,795849,406617,,milton,0,cowboy is happy,milton rosen,1954.0
515318,538529,389719,,frankie laine,0,when im alone,frankie beverly+maze,2002.0
515561,538529,256153,,frankie laine,0,september in the rain,harry warren+frankie laine,1961.0
515954,538529,346532,,frankie laine,0,why do fools fall in love,frankie lymon+morris levy,1973.0
517697,538529,680388,,frankie laine,0,tears,frankie knuckles,1989.0
