songs_id,title,artist_name,year,tracks_id,title,year,episode,song,artists
590234,too little too late (live 3/11/04 dallas),barenaked ladies,0,270943,the surreal life,2003.0,,too little too late,steven page+ed robertson+barenaked ladies
745750,i don't care anymore ( lp version ),phil collins,0,575882,phil collins: live at perkins palace,1983.0,,i dont care anymore,phil collins
766248,where did our love go,the supremes,1964,231528,tv land confidential,2005.0,music (#2.6),where did our love go,lamont dozier+brian holland+eddie holland+the supremes
389190,l-o-v-e,joss stone,2007,82676,enie backt,2012.0,verliebt  verlobt  verheiratet (#4.6),l-o-v-e,joss stone
890181,uptight (everything's alright),stevie wonder,0,277164,the tonight show with jay leno,1992.0,(#19.117),uptight (everythings alright),stevie wonder+sylvia moy+henry cosby+the tonight show band
358643,i melt with you (album version),jason mraz,0,330170,50 first dates,2004.0,,i melt with you,robbie grey+stephen walker+mick conroy+gary mcdowell+richard ian brown+jason mraz
698232,light of a clear blue morning,dolly parton,1977,692658,the year dolly parton was my mom,2011.0,,light of a clear blue morning,dolly parton+the wailin jennys
474424,stars and stripes forever,john mceuen,0,141712,los nuevos y clásicos bloopers,2004.0,los nuevos y clásicos bloopers - parte 7 (#1.7),the stars and stripes forever,john philip sousa
535486,three little birds,sean paul / ziggy marley,2004,74909,dora the explorer,2000.0,world adventure,three little birds,ziggy marley
731576,life is but a dream,the harptones,1990,455797,goodfellas,1990.0,,life is but a dream,raul cita+hy weiss+the harptones
654309,you & me & the bottle makes 3 tonight (baby),big bad voodoo daddy,1996,637297,swingers,1996.0,,you & me & the bottle makes 3 tonight (baby),big bad voodoo daddy+scott morris
388259,retreat to nowhere,napalm death,1988,152521,metal evolution,2011.0,extreme metal (#1.12),retreat to nowhere,napalm death
623720,still take you home,arctic monkeys,2004,193083,reading and leeds festival,2009.0,arctic monkeys (#1.5),still take you home,arctic monkeys
949414,you're the one that i want,john travolta / olivia newton-john,1978,22355,banda sonora,2007.0,(#6.4),youre the one that i want,john farrar+john travolta+olivia newton-john
958835,straighten up and fly right (digitally remastered original),nat king cole trio,0,41647,canadian idol,2003.0,top 4 performances (#2.28),straighten up and fly right,nat king cole+irving mills+jacob hoggard
282489,camino de vuelta,ana belén,1991,313809,viva el espectáculo,1990.0,(#2.14),camino de vuelta,pancho varona+gloria varona+antonio garcía de diego+ana belén
702210,love is all around (the mary tyler moor show theme),sonny curtis,0,149376,mary tyler moore,1970.0,feeb (#2.16),love is all around,sonny curtis
493834,chasing sheep is best left to shepherds,michael nyman,1989,533557,marguerite,2015.0,,chasing sheep is best left to shepherds,michael nyman
843044,release it (instrumental),afro celt sound system,1999,601766,sacred planet,2004.0,,release it (instrumental),simon emmerson+james mcnally+iarla olionaird+afro celt sound system
773531,do you feel my love,eddy grant,1981,301334,top of the pops,1964.0,(1980-11-20),do you feel my love?,eddy grant
709471,machine gun,portishead,2007,216820,so you think you can dance,2005.0,the top eight perform (#6.21),machine gun,portishead
642478,i need to know,marc anthony,1999,278209,the tonight show with jay leno,1992.0,(#20.145),i need to know,marc anthony+cory rooney+the tonight show band
773019,thank you for being a friend,andrew gold,1978,246357,the golden girls,1985.0,dancing in the dark (#5.6),thank you for being a friend,andrew gold+cynthia fee
951906,fame 09,naturi naughton,0,436255,fame,2009.0,,fame,michael gore+dean pitchford+naturi naughton
505576,marmor_ stein und eisen bricht - exklusive neuaufnahme,drafi deutscher,0,698399,tod den hippies!! es lebe der punk!,2015.0,,marmor  stein und eisen bricht,drafi deutscher
843849,ti offro da bere,gianni morandi,0,339206,achtung  fertig  charlie!,2003.0,,ti offro da bere,gianni morandi
783441,the three bells (les trois cloches) (digitally remastered),the browns,0,270032,the sopranos,1999.0,mr. & mrs. john sacrimoni request (#6.5),the three bells (les trois cloches),jean villard+the browns
390091,versteht ihr was von vögeln?,funny van dannen,1997,319537,willkommen Österreich,2007.0,(#1.68),versteht ihr was von vögeln?,funny van dannen
493770,addicted to love,robert palmer,1985,58471,dancing with the stars,2005.0,round 1: part 1 (#8.1),addicted to love,robert palmer
405390,california,phantom planet,2001,87960,fastlane,2002.0,mighty blue (#1.8),california,phantom planet
823281,gravity,john mayer trio,2005,644452,the 48th annual grammy awards,2006.0,,gravity,john mayer
925945,ride,cary brothers,2006,173019,one tree hill,2003.0,hundred (#5.12),ride,cary brothers  with jason kanakis
193991,only love will hold fast,charlie peacock,1988,87116,fame,1982.0,hold that baby (#6.6),only love will hold fast,charlie deacock+carrie hamilton+nia peeples+loretta chandler+elisa heinsohn
493541,anamaria,montefiori cocktail,1997,463643,happy accidents,2000.0,,anamaria,francesco montefiori+federico montefiori+montefiori cocktail
549906,2001: a space odyssey - blue danube waltz,strauss,0,636464,sweet 15,1990.0,,blue danube waltz,johann strauss
673249,i predict a riot,kaiser chiefs,2004,193158,reading and leeds festival,2009.0,kaiser chiefs (#1.2),i predict a riot,kaiser chiefs
614965,backwell,beak>,0,170384,off the air,2011.0,hair (#4.1),backwell,beak>
922405,the time is now (live at brixton),moloko,2006,303247,top of the pops,1964.0,(2000-04-07),the time is now,moloko
259098,merry happy / little red,kate nash,2007,188399,privileged,2008.0,pilot (#1.1),merry happy,kate nash
319897,growing pains,la roux,2009,154605,misfits,2009.0,(#1.3),growing pains,elly jackson+ben langmaid+jeff patterson+la roux
951505,hippy hippy shake,the swinging blue jeans,1963,107581,heartbeat,1992.0,fruits of the earth (#1.2),hippy hippy shake,the swinging blue jeans+chan romero
686063,hand in my pocket (album version),alanis morissette,1996,342271,alanis morissette: jagged little pill - live,1997.0,,hand in my pocket,alanis morissette  / glen ballard+alanis morissette
617442,higher love,steve clark,0,57111,dancing on ice,2006.0,(#5.12),higher love,steve winwood+will jennings
581585,heart like a wheel (album version),kate & anna mcgarrigle,1975,694438,this beat goes on: canadian pop music in the 1970s,2009.0,,heart like a wheel,anna mcgarrigle+kate mcgarrigle
926667,i know where it's at (nu birth riddum dub),all saints,1998,140151,live from studio five,2009.0,(#1.114),i know where its at,all saints
381809,it takes two,rob base & dj ez rock,1988,680734,the real cancun,2003.0,,it takes two,james brown+robert ginyard+rob base+dj ez rock
277514,el tiempo en las bastillas,fernando ubiergo,0,141526,los 80,2008.0,no hay nada como el hogar (#5.5),el tiempo en las bastillas,fernando ubiergo+camila moreno
862461,hello_ dolly!,jerry herman,0,180664,pero ¿esto qué es?,1989.0,(1989-07-07),hello  dolly!,jerry herman+nacho dogan
518830,crack the shutters,snow patrol,2008,129723,klinik am alex,2009.0,,crack the shutters,snow patrol
533786,perra enamorada,monica naranjo,2000,448299,gala fao 2000,2000.0,,perra enamorada,mogol+lucio battisti+mónica naranjo
698463,dexter main title,rolfe kent,2007,69604,dexter,2006.0,if i had a hammer (#4.6),dexter main title,rolfe kent
868138,another brick in the wall (part 2) (live),pink floyd,0,583678,professor norman cornett,2009.0,,another brick in the wall (part two),roger waters+pink floyd
277514,el tiempo en las bastillas,fernando ubiergo,0,141563,los 80,2008.0,vista perfecta (#1.5),el tiempo en las bastillas,fernando ubiergo+difuntos correa
829280,you are the sunshine of my life,stevie wonder,1972,349815,angelina ballerina: mousical medleys,2013.0,,you are the sunshine of my life,stevie wonder
738415,sexyback,justin timberlake featuring timbaland,2006,596436,robin hood und ich,2013.0,,sexyback,justin timberlake
775567,the story of the impossible,peter poehl,2006,505411,larnacoeur,2010.0,,the story of the impossible,peter von poehl
534729,don't lose my number  (lp version),phil collins,1985,277195,the tonight show with jay leno,1992.0,(#19.123),dont lose my number,phil collins+the tonight show band
811061,someday,michael learns to rock,1995,633285,subrosa,2000.0,,someday,jascha richter+michael learns to rock
12256,vivimos siempre juntos,nacho cano,1996,714810,vivimos siempre juntos,2006.0,,vivimos siempre juntos,nacho cano+mercedes ferrer
961424,lies,shed seven,1996,633079,stuffed,1997.0,,lies (live),paul banks+tom gladwin+alan leach+rick witter+shed seven
872858,people of the sun,rage against the machine,1994,731565,zapatista,1999.0,,people of the sun,rage against the machine
940419,panama (live version),van halen,0,196717,rock legends,2013.0,van halen (#4.13),panama,van halen
797053,you are the best thing,ray lamontagne,2008,201821,saturday night live,1975.0,dwayne johnson/ray lamontagne (#34.17),you are the best thing,ray lamontagne
797392,lawless avenues  (lp version),jackson browne,1986,196208,roadies,2016.0,carpet season (#1.7),lawless avenues,jackson browne
501693,misery loves company,porter wagoner,1962,567151,opry video classics: honky-tonk heroes,2007.0,,misery loves company,jerry reed+porter wagoner
744224,little bitty pretty one,thurston harris,1987,641166,telling lies in america,1997.0,,little bitty pretty one,thurston harris+bobby day
154845,murder on the dancefloor,sophie ellis-bextor,2000,417653,dog gone love,2004.0,,murder on the dancefloor,gregg alexander+sophie ellis-bextor
678852,ball and chain,janis joplin,1972,21909,banda sonora,2007.0,(#1.6),ball and chain,willie mae thornton+janis joplin
832232,you ain't just whistlin' dixie,bellamy brothers,0,442710,for their own good,1993.0,,you aint just whistlin dixie,david bellamy+bellamy brothers
476368,i want to take you higher,sly & the family stone,1969,349877,angels die hard,1970.0,,i want to take you higher,sylvanus+sly stone
10591,dance with my father,luther vandross,2003,118304,idols,2002.0,top 24: group 1 (#3.5),dance with my father,luther vandross+richard marx+pume zondi
56996,unchained melody (a capella version),the fleetwoods,1993,505532,lavenir,2016.0,,unchained melody,alex north+lyrics by hy zaret+the fleetwoods
398476,the love you save [may be your own] (album version),joe tex,0,409052,death proof,2007.0,,the love you save (may be your own),joe tex
565384,hands playing buttefly,efterklang,2007,316174,waterloo road,2006.0,spirit child (#8.2),hands playing butterfly,efterklang
278288,no one has ever looked so dead,the organ,2002,614427,siblings,2004.0,,no one has ever looked so dead,k. ritchie+s.stocks+g. smyth+d. cohen+s. efron+the organ
520533,stoopid ass,grand theft audio,2000,422905,dude  wheres my car?,2000.0,,stoopid ass,ralph jezzard+james butler+richard battersby+grand theft audio
519280,secret garden,bruce springsteen,1995,709605,uno sguardo sullaltro mondo,2011.0,,secret garden,bruce springsteen
401496,pennies from heaven,bing crosby,1936,574322,pepe,1960.0,,pennies from heaven,arthur johnston+lyrics by johnny burke+bing crosby
557310,the best of times,jerry herman,1986,644258,the 40th annual tony awards,1986.0,,the best of times,jerry herman+bea arthur+nell carter+sandy duncan+karen morrow+juliet prowse+lee roy reams+ann reinking+rex smith
893205,speakeasy,shed seven,1994,561,120 minutes,1990.0,(1994-06-25),speakeasy (live),shed seven
738304,izabella,jimi hendrix,1971,492092,jimi hendrix: the dick cavett show,2002.0,,izabella,jimi hendrix
797733,maybe,ink spots,0,283960,the walking dead,2010.0,the grove (#4.14),maybe,allan flynn+frank madden+the ink spots
870093,$100 dollar bill y'all (explicit),ice cube,0,343504,all about the benjamins,2002.0,,$100 bill yall,rockwilder+ice cube
958270,love is strange,mickey & sylvia,1957,285217,the wire,2002.0,the detail (#1.2),love is strange,sylvia robinson+mickey baker+mickey+sylvia
852704,i don't know why,shawn colvin,1992,393938,clockwork mice,1995.0,,i dont know why,shawn colvin
731338,here comes santa claus,gene autry,1947,356036,axe massacre,2008.0,,here comes santa claus,gene autry+oakley haldeman+bing crosby
326167,bailar pegados,sergio dalma,2002,54580,còmics,2015.0,cabaret (#2.4),bailar pegados,luis gómez escolar+julio seijas+sergio dalma
631380,everyday i love you less and less,kaiser chiefs,2005,408787,dear deidre,2007.0,,everyday i love you less & less,ricky wilson+andrew white+simon rix+nick baines+nick hodgson+kaiser chiefs
273298,thank you (falettinme be mice elf agin),sly & the family stone,1969,135470,late show with david letterman,1993.0,(#18.161),thank you (falettinme be mice elf agin),sly stone+the cbs orchestra
937077,i believe,blessid union of souls,1995,47463,cold case,2003.0,hitchhiker (#1.10),i believe,blessid union of souls
862967,main title,the boston pops orchestra / john williams,0,199145,rude tube,2008.0,world wide weird (#8.6),jaws: main title,john williams
143962,la donna è mobile,juan diego flórez / orchestra sinfonica di milano giuseppe verdi / carlo rizzi,0,440519,fits & starts,2002.0,,la donna è mobile,giuseppe verdi
637289,jackie wilson said (i'm in heaven when you smile),van morrison,1972,586867,queens logic,1991.0,,jackie wilson said (im in heaven when you smile),van morrison
419152,maria mae,dave eggar,2005,336779,a walk to beautiful,2007.0,,maria mae,dave eggar+left of blue+michael paris+david schommer+davi vieira
270399,tenia tanto que darte,nena daconte,2008,80395,el club,2004.0,(#5.21),tenía tanto que darte,mai meneses+kim fanlo+francisco j. urchegui+nena daconte
953633,À espera de godot,delfins,0,66657,deixa-me amar,2007.0,(#1.248),À espera de godot,delfins
703753,you are my sunshine,jimmie davis,1940,678834,the pledge,2001.0,,you are my sunshine,jimmie davis+charles mitchell+pauline roberts
860857,fragile,sting,1987,505313,lanniversaire,2005.0,,fragile,sting
877186,black or white (the clivilles & cole    radio mix),michael jackson,0,1761,20 to 1,2005.0,sizzling superstars (#8.15),black or white,michael jackson
253364,when the moon comes over the mountain,kate smith,1999,722225,whens your birthday?,1937.0,,when the moon comes over the mountain,kate smith+howard johnson+harry m. woods
636577,rock this town,brian setzer orchestra,1998,59132,dancing with the stars,2005.0,switch-up (#19.7),rock this town,brian setzer+joey fatone
920063,superman,lazlo bane,2000,205303,scrubs,2001.0,my own personal jesus (#1.11),superman,lazlo bane
510266,ain't no sunshine,bill withers,1971,395550,colonia,2015.0,,aint no sunshine,bill withers
819217,this charming man,the smiths,1983,321395,world championship snooker,1973.0,2016: day 6  part 1 (#44.31),this charming man,morrissey+johnny marr+the smiths
304289,pata pata (album version),miriam makeba,1967,465786,hazel,2012.0,,pata pata,miriam makeba
946364,the bottle,gil scott-heron,1974,552904,narc,2005.0,,the bottle,gil scott-heron
754254,star trek: first contact- end title,jerry goldsmith,0,225375,stargate sg-1,1997.0,reckoning: part 1 (#8.16),end title,joel goldsmith
645796,on standby,shed seven,1996,612127,shed seven at the forum,1996.0,,on standby,paul banks+tom gladwin+alan leach+rick witter+shed seven
12692,say hey (i love you),michael franti & spearhead / cherine anderson,2009,57914,dancing with the stars,2004.0,2010 semi-final (#10.9),say hey (i love you),michael franti+carl young
142027,boogie wonderland,earth_ wind & fire with the emotions,1987,215699,so you think you can dance australia,2008.0,top 18 perform (#1.8),boogie wonderland,jon lind+allee willis+earth wind+fire+the emotions
19474,opus no. 13,dustin o'halloran,2004,376318,bresson & adeline,2008.0,,opus 13,dustin ohalloran
946015,number one,john legend,2005,493134,john legend: live from philadelphia,2008.0,,number one,john legend
929345,found a way,drake bell,2005,488141,its only time: bonus dvd,2006.0,,i found a way,drake bell
958869,why do fools fall in love,frankie lymon and the teenagers,1956,346532,american graffiti,1973.0,,why do fools fall in love,frankie lymon+morris levy
798703,why do fools fall in love,frankie lymon & the teenagers_ lymon_ levy,1988,346532,american graffiti,1973.0,,why do fools fall in love,frankie lymon+morris levy
369339,i want to love you in my room,irving,2005,373762,boot camp,2008.0,,i want to love you in my room,irving
386549,amando locamente,monica naranjo,2000,395291,colección privada - tour minage,2005.0,,amando locamente,l. cantini+l. lópez+p. casella+mónica naranjo
738415,sexyback,justin timberlake featuring timbaland,2006,323146,yu-gi-oh! the abridged series,2006.0,the incredible hobson (#3.3),sexyback,justin timberlake+tim mosley+nate hills
918952,gopher mambo,yma sumac,1996,146278,mad men,2007.0,nixon vs. kennedy (#1.12),gopher mambo,billy may+conrad gozzo+yma sumac
794244,is she really going out with him?,joe jackson,1978,182231,playing the field,1998.0,(#4.4),is she really going out with him?,joe jackson
690454,you're gonna miss me - live,the 13th floor elevators,0,469955,high fidelity,2000.0,,youre gonna miss me,roky erickson+13th floor elevators+arrangement with celebrity licensing inc.
312308,get your gunn,marilyn manson,0,197089,rockpalast,1974.0,marilyn manson - 11. bizarre festival köln 1997,get your gunn,marilyn manson
817204,animals have personality,charlotte diamond,0,720913,what a day!,1993.0,,animals have personality,charlotte diamond
714828,mashed potato time,dee dee sharp,1962,171832,one hit wonderland,2012.0,monster mash (#1.9),mashed potato time,william garrett+robert bateman+georgia dobbins+brian holland+freddie gorman+dee dee sharp
477643,only the good die young (1998 digital remaster),iron maiden,1988,153040,miami vice,1984.0,line of fire (#5.6),only the good die young,steve harris+bruce dickinson+iron maiden
379152,geek stink breath (album version),green day,2001,203042,saturday night live,1975.0,roseanne/green day (#20.7),geek stink breath,green day
412703,self control,laura branigan,1984,104309,guapas,2014.0,algo que esconder (#1.20),self control,giancarlo bigazzi+steve piccolo+raffaele riefoli+laura branigan
786422,thats all right,arthur big boy crudup,0,363785,behind enemy lines,2001.0,,thats all right,arthur crudup+orion
498661,will you miss me when i'm gone?,june carter cash,2003,30753,big love,2006.0,robertas funeral (#1.6),will you miss me when im gone?,a.p. carter+june carter cash
337057,dancing in the city,marshall hain,1990,299790,top of the pops,1964.0,(1978-06-22),dancing in the city,julian marshall+kit hain
711699,stay golden,au revoir simone,2005,182054,planet money makes a t-shirt,2013.0,boxes (#1.4),stay golden,au revoir simone
295704,la bomba,ricky martin,1998,88830,festival internacional de la canción de viña del mar,1963.0,viña 2014: noche 1,la bomba,ricky martin
461742,help me make it through the night,kris kristofferson,1970,475753,house of boys,2009.0,,help me make it through the night,kris kristofferson+romy haag
929345,found a way,drake bell,2005,76468,drake & josh,2004.0,whos got game? (#4.5),i found a way (instrumental),drake bell+michael corcoran
761943,daydream believer (album version),john stewart,0,98449,glee,2009.0,dream on (#1.19),daydream believer,john stewart+neil patrick harris+molly mccook
410811,bong toke,kottonmouth kings,2006,434047,evil bong,2006.0,,bong toke,brad xavier+dustin miller+timothy mcnutt+mike kumagai+kottonmouth kings
755907,clandestino,manu chao,1998,413671,diaz - dont clean up this blood,2012.0,,clandestino,manu chao
808382,eureka!,the backyardigans,2006,236780,the backyardigans,2004.0,eureka! (#1.16),eureka!,the backyardigans
156488,c'est si bon,yves montand,1992,44196,champs-elysées,1982.0,(1989-06-17),cest si bon,henri betti+yves montand
674199,you dream flat tires,joni mitchell,1982,446575,from time to time,2004.0,,you dream flat tires,joni mitchell
822011,everlong,foo fighters,1992,198104,roswell,1999.0,tess  lies and videotape (#1.18),everlong,foo fighters
651540,the james bond theme,neil norman and his cosmic orchestra,0,433942,everything or nothing,2012.0,,james bond theme,monty norman
712508,be my baby,vanessa paradis,1992,105277,ha-shminiya,2005.0,ha-mishpat: part 2 (#2.2),be my baby,gerry deveaux+lenny kravitz+vanessa paradis
814765,unfinished sympathy,massive attack,1991,287559,the x factor,2004.0,judges houses 2 (#2.10),unfinished sympathy,grant marshall+andrew vowles+robert del naja+jonathan sharp+shara nelson+massive attack
883472,all right now,free,0,99786,going straight,1978.0,going sour (#1.3),all right now,free
398561,he'll never love you (like i do) (2007 digital remaster),freddie jackson,2007,22620,bandstand,1952.0,(#29.21),hell never love you (like i do),keith diamond+barry eastmond+freddie jackson
574912,head over feet (live/unplugged version),alanis morissette,0,342272,alanis morissette: jagged little pill - live,1997.0,,head over feet,alanis morissette  / glen ballard+alanis morissette
571692,radar love,golden earring,1973,133928,land van lubbers,2016.0,autoloze zondagen (#1.1),radar love,barry hay+george kooymans+golden earring
939856,cowboys and clowns,ronnie milsap,1989,378216,bronco billy,1980.0,,cowboys and clowns,steve dorff+gary harju+larry herbstritt+snuff garrett+ronnie milsap
951557,lille (live),lisa hannigan,2009,538649,mercury prize 2009,2009.0,,lille,lisa hannigan
249483,what my heart wants to say,gareth gates,2002,303771,top of the pops,1964.0,(2002-12-20),what my heart wants to say,jörgen elofsson+per magnusson+david kreuger+gareth gates
692861,sha la la (hier est près de moi),claude françois,2001,393425,claude françois - le film de sa vie,1979.0,,sha la la (hier est près de moi)(yesterday once more)),richard carpenter+eddy marnay+claude françois
958532,the heart of rock and roll (24-bit digitally remastered 99),huey lewis and the news,1983,635782,surviving,1985.0,,the heart of rock n roll,huey lewis+johnny colla+the news
454565,don't believe in love,dido,2008,5525,90210,2008.0,theyre playing her song (#3.9),dont believe in love,dido
525153,shine on you crazy diamond (live in gdansk),david gilmour,0,105365,ha-shminiya,2005.0,the creation (#3.24),shine on you crazy diamond,david gilmour+roger waters+richard wright+pink floyd
604326,i'm getting ready,ann nesby,0,659630,the fighting temptations,2003.0,,im getting ready,shirley caesar+ann nesby
543577,phantom of the opera (live) (1998 digital remaster),iron maiden,1985,152713,metal evolution,2011.0,thrash (#1.6),phantom of the opera,iron maiden
563319,a swingin safari,bert kaempfert and his orchestra,2003,254381,the match game,1962.0,(#1.153),a swingin safari (the theme of the match game),bert kaempfert
811791,deerslayer,black math horseman,2009,402022,curfew,2012.0,,deerslayer,sera timms+ian barry+bryan tulao+sasha popovic+black math horseman
333557,i put a spell on you,screamin jay hawkins,1956,594463,riders,2002.0,,i put a spell on you,screamin jay hawkins+marilyn manson
912508,block of ice,the oh sees,0,438465,fever night aka band of satanic outsiders,2009.0,,block of ice,thee oh sees
898924,moving on up,m people,1993,701699,trance,2013.0,,moving on up,m people+mike pickering+paul heard
223590,funny ways,gentle giant,1970,448074,gg at the gg,2006.0,,funny ways,gentle giant
415088,triste y vacia,willie colon/hector lavoe,1993,713785,vigilante,1983.0,,triste y vacia,hector lavoe
799370,don't leave me,harry nilsson,1989,423590,dusty and sweets mcgee,1971.0,,dont leave me baby,harry nilsson
509213,loaded,primal scream,1990,470961,history of the euros,2016.0,,loaded,bobby gillespie+andrew innes+robert young+primal scream
155883,anyone who knows what love is (will understand),irma thomas,1964,43308,casual,2015.0,animals (#1.3),anyone who knows what love is (will understand),irma thomas
930270,smoke on the water (live - us b-side edit) (2010 digital remaster),deep purple,0,230005,supernatural,2005.0,no exit (#2.6),smoke on the water,ritchie blackmore+ian gillan+roger glover+jon lord+ian paice+deep purple
744224,little bitty pretty one,thurston harris,1987,543835,mondo trasho,1969.0,,little bitty pretty one,bobby day+thurston harris
287186,the carousel waltz,richard rodgers,0,20975,bbc proms,2010.0,prom 49: a celebration of rodgers and hammerstein (#1.20),carousel waltz,richard rodgers+julian ovenden+sierra boggess+the john wilson orchestra
612317,i am loco (album version),ill nino,0,39574,csi: miami,2002.0,evidence of things unseen (#1.16),i am loco,ill nino
363082,backyard betty,spank rock,2006,528942,madden nfl 2007,2006.0,,backyard betty,spank rock
784641,things can only get better,howard jones,0,166334,new tricks,2003.0,things can only get better (#10.7),things can only get better,howard jones
846353,i will not forget you,sarah mclachlan,1991,604015,sarah mclachlan: mirrorball,1999.0,,i will not forget you,sarah mclachlan   / darren phillips+sarah mclachlan
683067,just dance,lady gaga / colby o'donis,2008,167672,no disparen al pianista,2007.0,(#2.3),just dance,lady gaga
79687,days of wine and roses,henry mancini,1988,493519,johnny mercer: the dreams on me,2009.0,,days of wine and roses,henry mancini+andy williams
932168,a fool in love - original,ike and tina turner,1992,11838,american idol: the search for a superstar,2002.0,pride goeth before the fro (#1.12),a fool in love,ike turner+tamyra gray
940194,this is the new shit (album version),marilyn manson,0,39412,csi: crime scene investigation,2000.0,suckers (#4.13),this is the new shit,marilyn manson+john 5
889049,music for 18 musicians: section iiia,reich_ steve,1997,417629,dog food,2014.0,,music for 18 musicians: section x,steve reich
375401,she's so high (single version),blur,0,372325,blur: starshaped,1993.0,,shes so high,blur
58796,canción para mañana,los bunkers,0,523039,los bunkers: un documental by sonar,2011.0,,canción para mañana,francisco durán+mauricio durán+los bunkers
739,greedy,inara george,2005,103847,greys anatomy,2005.0,where the boys are (#3.7),greedy,inara george
907160,it's gonna take time,embrace,0,182295,playing the field,1998.0,(#5.5),its gonna take time,embrace
439102,wedding bell blues,laura nyro,1967,546278,movin,1970.0,,wedding bell blues,laura nyro+liza minnelli+the bojangles
820139,rivers of babylon,boney m.,1978,586253,qing hong,2005.0,,rivers of babylon,boney m.
599048,i wish you'd stay,brad paisley,2001,375355,brad paisley: the video collection,2006.0,,i wish youd stay,brad paisley
223828,wave of mutilation (uk surf version),pixies,2007,315230,warehouse 13,2009.0,nevermore (#1.11),wave of mutilation,pixies
720862,maybe not,cat power,2003,701034,tout est parfait,2008.0,,maybe not,cat power
801047,i got you babe,sonny & cher,1965,440235,first kid,1996.0,,i got you babe,sonny bono
45806,i got you babe  (instrumental),sonny & cher,0,440235,first kid,1996.0,,i got you babe,sonny bono
332181,knock on wood,steve cropper / pop staples / albert king,0,330307,54,1998.0,,knock on wood,mary griffin+eddie floyd+steve cropper
910762,the unknown soldier ( lp version ),the doors,1968,542679,mistah,1994.0,,the unknown soldier,jim morrison+robby krieger+ray manzarek+john densmore+the doors
789704,ooh poo pah doo (part 1) (2002 digital remaster),jessie hill,0,346016,amazing journey: the story of the who,2007.0,,ooh poo pah doo,jessie hill+the who
405528,prison break - main title season 3,ramin djawadi,0,94653,game of thrones,2011.0,the gift (#5.7),game of thrones - main title,ramin djawadi
544604,it don't mean a thing (if it ain't got that swing),duke ellington & his orchestra,1932,430938,england made me,1973.0,,it dont mean a thing (if it aint got that swing),irving mills+duke ellington
591181,wishing i was lucky,wet wet wet,1987,236517,the art show,2002.0,stepford lives (#1.2),wishing i was lucky,wet wet wet
639456,it wasn't god who made honky tonk angels,kitty wells,1952,399207,countrys greatest stars live: vol. 1,2010.0,,it wasnt god who made honky tonk angels,j.d. miller+kitty wells
165585,luonas kai olla saan,juice leskinen,1994,602162,saimaa-ilmiö,1981.0,,luonas kai olla saa,juice leskinen+juice leskinen slam
721760,cadillac solitario (live),loquillo y los trogloditas,0,733300,¡a por ellos...! que son pocos y cobardes,1989.0,,cadillac solitario,sabino méndez+loquillo y trogloditas
901440,proud mary,tina turner,1988,259368,the oprah winfrey show,1986.0,oprahs 50th birthday bash!,proud mary,john fogerty+tina turner
949649,the way you make me feel,michael jackson,1987,285868,the x factor,2004.0,(#5.13),the way you make me feel,michael jackson+jls
263658,caruso,lucio dalla,1986,22290,banda sonora,2007.0,(#5.24),caruso,lucio dalla
747178,numb,u2,1993,706484,u2: numb,1993.0,,numb,u2
959352,someday (you'll be sorry),louis armstrong with the commanders,0,602188,saint jack,1979.0,,someday youll be sorry,louis armstrong
656230,feuer frei,rammstein,2003,731130,yu-gi-oh!: the other abridged movie,2008.0,,feuer frei!,rammstein
955631,if i had a heart,fever ray,2008,313472,vikings,2013.0,treachery (#2.3),if i had a heart,karin dreijer andersson+fever ray
944846,pump it,black eyed peas,2005,282465,the voice uk,2012.0,blind auditions 2 (#1.2),pump it,nicholas roubanis+fergie+thomas van musser+will.i.am+apl.de.ap+the black eyed peas+dick dale
821397,heroes theme,wendy & lisa (feat. shenkar),0,109022,heroes,2006.0,chapter three one giant leap (#1.3),hiros theme,wendy melvoin+lisa coleman
754254,star trek: first contact- end title,jerry goldsmith,0,225106,stargate sg-1,1997.0,1969 (#2.21),end title,joel goldsmith
215337,dramatic story (1-12),charles williams,0,566281,one way out,1955.0,,dramatic story,charles williams
842035,you'll never tango,john powell,2009,481405,ice age: dawn of the dinosaurs,2009.0,,youll never tango,john powell
854307,love spreads,the stone roses,1994,302279,top of the pops,1964.0,(1994-12-01),love spreads,john squire+the stone roses
177889,you can't always get what you want,the rolling stones,1969,509967,ladies and gentlemen: the rolling stones,1973.0,,you cant always get what you want,mick jagger+keith richards+the rolling stones
502256,knut,the unwinding hours,2010,627280,squatters,2014.0,,knut,craig b.+iain cook+the unwinding hours
774042,wrap my words around you,daniel bedingfield,2004,118325,idols,2002.0,top 24: group 3 (#3.9),wrap my words around you,daniel bedingfield+tats nkonzo
570892,love,kele le roc,0,149721,masters snooker,1975.0,2016: day 8  part 2,my love,kele le roc
722426,don't cha,the pussycat dolls,2005,424636,easy a,2010.0,,dont cha,sir mix a lot+ceelo green+busta rhymes+the pussycat dolls
95585,blue jeans sur la plage,les hou-lops,2000,446278,frisson des collines,2011.0,,blue jeans sur la plage,claude dominique+louise rousseau+les hou-lops
836598,he went to paris,jimmy buffett,1973,492233,jimmy buffett: scenes you know by heart,2009.0,,he went to paris,jimmy buffett+the coral reefer band
761434,what if god fell from the sky,danielle brisebois,0,605258,saved!,2004.0,,what if god fell from the sky,gregg alexander+danielle brisebois
952933,falling in love again,marlene dietrich,1990,571313,paragraph 175,2000.0,,falling in love again,friedrich hollaender+marlene dietrich
542617,the fun lovin' criminal,fun lovin' criminals,1996,434416,exit wounds,2001.0,,the fun lovin criminal,fun lovin criminals
304778,hymn for my father,collective soul,2009,33762,body of proof,2011.0,buried secrets (#1.8),hymn to my father,collective soul
836215,the reason,hoobastank,2003,616408,singstar pop,2007.0,,the reason,hoobastank
921943,ain't that loving you baby,jimmy reed,1997,692711,the year of living dangerously,1982.0,,aint that lovin you baby,jimmy reed
912980,body and soul,the benny goodman sextet,0,367933,bill w.,2012.0,,body & soul,benny goodman
284019,puppy love,donny osmond,1972,485518,inside the osmonds,2001.0,,puppy love,paul anka+donny osmond
454053,all i want is you,barry louis polisar,1977,495500,juno,2007.0,,all i want is you,barry louis polisar
907484,our lips are sealed (feat. jane wiedlin),the specials and fun boy three,0,657884,the end of the tour,2015.0,,our lips are sealed,terry hall+jane wiedlin+fun boy three
922269,the love i lost (part 1),harold melvin & the blue notes,0,668968,the last days of disco,1998.0,,the love i lost,kenny gamble+leon huff+harold melvin+the blue notes  (as harold melvin+the blue notes)+arrangement with sony music licensing
825112,when i fall in love,victor young,0,4245,7th heaven,1996.0,v-day (#5.14),when i fall in love,victor young+edward heyman+beverley mitchell+alice hirson
952441,9 to 5,dolly parton,1980,120860,inside music row,2007.0,(#1.252),9 to 5,dolly parton
850204,alive and kicking (live),simple minds,1991,79541,eastbound & down,2009.0,chapter 23 (#4.2),alive and kicking,jim kerr+charlie burchill+mick macneil+simple minds
949414,you're the one that i want,john travolta / olivia newton-john,1978,299892,top of the pops,1964.0,(1978-08-10),youre the one that i want,john travolta+olivia newton-john
800964,one more murder (lp version),better than ezra,2005,44608,charmed,1998.0,the truth is out there... and it hurts (#1.8),one more murder,better than ezra
773794,nova,amon tobin,1998,123444,jam,2000.0,,nova,amon tobin
570972,the four seasons - spring - allegro,antonio vivaldi,1989,104139,grimm,2011.0,to protect and serve man (#2.11),four seasons spring allegro,antonio vivaldi
235066,don't worry,marty robbins,1961,242935,the drifter,1965.0,the saloon,dont worry,marty robbins
113039,salvador sanchez (acoustic),sun kil moon,0,219787,sons of anarchy,2008.0,potlatch (#2.8),salvador sanchez,sun kil moon
14217,cincinnati ohio,connie smith,0,254222,the marty stuart show,2008.0,the steeldrivers (#1.18),cincinnati  ohio,bill anderson+connie smith
666925,a whiter shade of pale,procol harum,1967,665406,the hooker with a heart of gold,2010.0,,a whiter shade of pale,keith reid+gary brooker+matthew fisher+procol harum
791873,let it snow! let it snow! let it snow!,vaughn monroe,1989,93091,friends,1994.0,the one with the nap partners (#7.6),let it snow! let it snow! let it snow!,sammy cahn+jule styne+vaughn monroe
921699,freight train,elizabeth cotten,1958,210545,shindig!,1964.0,(#1.32),freight train,elizabeth cotten+dick+dee dee
552234,hard to see,five finger death punch,2009,460556,guitar hero: warriors of rock,2010.0,,hard to see,zoltan bathory+ivan l greening+thomas jason grinstead+jeremy spencer heyde+matt snell+kevin churko+five finger death punch
803263,dazed and confused (live album version),led zeppelin,0,3295,60 minutes,1979.0,his finest hour/matthew newton/rock god/mountain madness,dazed and confused,jimmy page+led zeppelin
853178,non je ne regrette rien (live À l'olympia 1962),edith piaf,0,246698,the good wife,2009.0,je ne sais what? (#4.12),non je ne regrette rien,charles dumont+lyrics by michel vaucaire+Édith piaf
279130,hot fun in the summertime,sly & the family stone,1969,161136,music scene,1969.0,(#1.5),hot fun in the summertime,sly+the family stone
389315,new theory,washed out,2009,685413,the spectacular now,2013.0,,new theory,washed out+arrangement with terrorbird media
752301,i want to know what love is (lp version),foreigner,0,298257,top gear,2002.0,(#22.5),i want to know what love is,foreigner
563319,a swingin safari,bert kaempfert and his orchestra,2003,254343,the match game,1962.0,(#1.11),a swingin safari (the theme of the match game),bert kaempfert
903953,satin doll,the duke ellington orchestra / johnny hodges / benny carter / jimmy hamilton / paul gonsalves,1987,493516,johnny mercer: the dreams on me,2009.0,,satin doll,duke ellington+billy strayhorn+johnny mercer+mel tormé
428023,roadrunner,joan jett & the blackhearts,0,451121,getting there,2002.0,,roadrunner,jonathan richman+joan jett+the blackhearts  (as joan jett+the blackhearts)
754805,gonna get along without you now (noel w. sanger remix),viola wills,0,300675,top of the pops,1964.0,(1979-10-11),gonna get along without you now,milton kellem+viola wills
197315,at seventeen,janis ian,1975,267576,the simpsons,1989.0,el viaje misterioso de nuestro homer (#8.9),at seventeen,janis ian
631109,you're slightly terrific,tony martin,0,576730,pigskin parade,1936.0,,youre slightly terrific,lew pollack+tony martin
928096,morfina,mundo cão,2006,144398,lua vermelha,2010.0,(#1.43),morfina,mundo cão
359321,know your rights,the clash,1982,429751,embedded,2005.0,,know your rights,joe strummer+mick jones+the clash
842989,how does it feel,sugarcult,2000,711689,van wilder,2002.0,,how does it feel,sugarcult
281343,hot child in the city (single version),nick gilder,0,474941,hot child in the city,1987.0,,hot child in the city,nick gilder+jimmy mcculloch
912892,give me just a little more time,chairmen of the board,1970,529467,madison,2001.0,,give me just a little more time,ron dunbar+eddie holland+chairman of the board
702210,love is all around (the mary tyler moor show theme),sonny curtis,0,149498,mary tyler moore,1970.0,the last show (#7.24),love is all around,sonny curtis
808872,brand new key - re-recording (by original artist),melanie,0,485385,inside deep throat,2005.0,,brand new key,melanie
764382,no excuses,alice in chains,1994,47356,cold case,2003.0,detention (#3.12),no excuses,alice in chains
494461,birds of a feather (2002 digital remaster),joe south,2002,298987,top of the pops,1964.0,(1977-02-10),birds of a feather,joe south+johnny nash
182729,the spider and the fly [featuring james cotton] (album version),kenny wayne shepherd,0,539793,michael,1996.0,,the spider and the fly,mick jagger+keith richards+kenny wayne shepherd+james cotton
561802,be a clown (finale from 'the pirate'),judy garland & gene kelly,0,643238,thats entertainment  part ii,1976.0,,be a clown,cole porter+gene kelly+judy garland
208951,no longer umpire (lp version),alice cooper,1969,1116,20 to 1,2005.0,adults only 20 to 1: sizzling supermodels (#10.3),no longer umpire,alice cooper+glen buxton+michael bruce+dennis dunaway+neal smith
564209,west coast u.s.a.,keith mansfield,0,248827,the it crowd,2006.0,calendar geeks (#3.6),west coast surf ride,keith mansfield
840236,post modern sleaze,sneaker pimps,1997,555107,new best friend,2002.0,,post modern sleaze,the sneaker pimps
846051,ballad of a thin man,bob dylan & the band,1965,455072,gonzo: the life and work of dr. hunter s. thompson,2008.0,,ballad of a thin man,bob dylan
892395,kill me,make the girl dance,0,443085,forev,2013.0,,kill me,greg kozo+pierre mathieu+make the girl dance
830914,moonlight serenade,glenn miller orchestra,0,99270,glenn miller time,1961.0,(#1.10),moonlight serenade,glenn miller+johnny desmond+his orchestra
325918,horizon variations,max richter,2004,476427,how to die in oregon,2011.0,,horizon variations,max richter
574154,battle of evermore,jimmy page / robert plant,0,616599,singles,1992.0,,battle of evermore,jimmy page+robert plant+the lovemongers
749736,sunshine of your love,jack bruce,1994,702296,travelling light,2003.0,,sunshine of your love,jack bruce+pete brown+eric clapton+cream
563319,a swingin safari,bert kaempfert and his orchestra,2003,255611,the match game,1962.0,paula prentiss & don defore (#2.144),a swingin safari (the match game),bert kaempfert
764339,to build a home,the cinematic orchestra,2007,215809,so you think you can dance canada,2008.0,top 10 performance (#4.18),to build a home,patrick watson+jason swinscoe+phil france+stella page+the cinematic orchestra
925684,love machine (tony lamezma mix),girls aloud,0,452543,girls aloud: girls on film,2005.0,,love machine,girls aloud
959190,total eclipse of the heart 2006,diva dj's vs nicki french,0,656614,the disco ball,2003.0,,total eclipse of the heart,jim steinman+nicki french
222384,train song,vashti bunyan,1966,179755,patriot,2015.0,,train song,jennifer vashti bunyan+alasdair+vashti bunyan
827023,crimson and clover,tommy james and the shondells,1969,650257,the boat that rocked,2009.0,,crimson and clover,tommy james+peter p. lucia jr.+the shondells+arrangement with warner music group film+tv licensing
786988,it ain't easy being easy,janie fricke,1993,328503,20th annual music city news awards,1986.0,,it aint easy being easy,janie fricke
781079,tears (classic vocal),frankie knuckles presents satoshi tomiie,0,680388,the rachel papers,1989.0,,tears,frankie knuckles
922527,losing my religion [live in dublin],r.e.m.,0,392,100 greatest songs of the 90s,2007.0,(#1.5),losing my religion,r.e.m.
157010,paxton quigley's had the course,chad & jeremy; arranged and conducted by chad stuart,1969,696053,three in the attic,1968.0,,paxton quigleys had the course,chad stuart+jeremy clyde+chad+jeremy
517682,supermodels,kendall payne,2000,185360,popular,1999.0,,supermodels,kendall payne
746055,i heard it through the grapevine,michael mcdonald,0,43638,celebridade,2003.0,(2003-10-13),i heard it through the grapevine,norman whitfield+barrett strong+michael mcdonald
182671,dancin' fool,barry manilow,1980,57936,dancing with the stars,2004.0,2011 grand finale (#11.10),dancin fool,barry manilow
668613,the lonesome death of hattie carroll,bob dylan,1964,480927,im not there.,2007.0,,the lonesome death of hattie caroll,mason jennings+bob dylan
702210,love is all around (the mary tyler moor show theme),sonny curtis,0,149515,mary tyler moore,1970.0,we want baxter (#4.12),love is all around,sonny curtis
924490,dance_ dance,fall out boy,0,190833,radio 1s big weekend norwich 2015,2015.0,fall out boy (#1.9),dance  dance,fall out boy
33099,once upon a time in the west,ennio morricone,1986,472741,hollywood in vienna 2012,2012.0,,once upon a time in the west,ennio morricone+orf radio-symphonieorchester wien
275058,cosmic love,florence + the machine,2009,227319,strictly come dancing,2004.0,week one: show one (#8.2),cosmic love,florence welch+isabella summers+florence+the machine
662601,pintame,elvis crespo,0,374073,born romantic,2000.0,,pintame,elvis crespo+kind permission of sony/atv music publishing limited
660217,i like that,richard vission & static avanger starring luciana,0,1614,20 to 1,2005.0,our all time favourite films (#9.11),i like that,richard humpty vission+static revenger starring luciana caporaso+dennis g. white+luciana caporaso+nicholas clow
607200,teenage kicks (1st derry demos '78),the undertones,0,300035,top of the pops,1964.0,(1978-10-26),teenage kicks,john oneill+the undertones
412010,everyday is a winding road,sheryl crow,1996,612450,sheryl crow: rockin the globe live,2000.0,,everyday is a winding road,sheryl crow+jeffrey trott+brian macleod
748284,splitting the atom,massive attack,2009,144864,luck,2011.0,(#1.1),splitting the atom,massive attack
139428,doctor my eyes,jackson 5,1972,647678,the banger sisters,2002.0,,doctor my eyes,jackson browne+ben folds
45210,deixa disso,felipe dylon,0,174720,open bar,2010.0,(#1.8),deixa disso,felipe dylon
181687,amor particular,lluís llach,1984,71767,divendres,2009.0,(#7.55),amor particular,lluís llach+miquel abras+rozalén
684008,oh lonesome me,don gibson,1958,50931,country style  u.s.a.,1957.0,(#3.6),oh lonesome me,don gibson+chet atkins
933746,do you wanna dance,bobby freeman,1959,297390,tohuwabohu,1990.0,36/pair/rouge (#6.10),do you wanna dance,bobby freeman+cliff richard
620926,freely,devendra banhart,2007,178058,parenthood,2010.0,perchance to dream (#1.9),freely ,devendra banhart
295585,solo le pido a dios,león gieco,0,379411,buenos aires rock,1983.0,,solo le pido a dios,león gieco
933149,the nutcracker op.71-atto 1 - marche,pyotr il'yich tchaikovsky,0,295072,tiny toon adventures,1990.0,music day (#3.14),the nutcracker - march,pyotr ilyich tchaikovsky
600219,ca plane pour moi,plastic bertrand,1992,432818,eurotrip,2004.0,,ca plane pour moi,lou de prijck+yves lacomblez+plastic bertrand
124515,voodoo people (pendulum mix),the prodigy,2006,162249,my mad fat diary,2013.0,its a wonderful rae: part 1 (#1.5),voodoo people,the prodigy
900799,stardust,hoagy carmichael,1927,725118,winchell,1998.0,,stardust,hoagy carmichael+mitchell parish+glenn miller+arrangement with warner special products
557577,breaking up is hard to do,neil sedaka,1962,365681,better off dead...,1985.0,,breakin up is hard to do,neil sedaka+howard greenfield
721526,favourite friend,diefenbach,2005,258682,the o.c.,2003.0,the pot stirrer (#3.13),my favourite friend,diefenbach
143579,mona lisa,grant lee phillips,2004,34159,bones,2005.0,the girl with the curl (#2.7),mona lisa,grant lee phillips
954633,me and mrs jones,billy paul,0,547797,multiple sarcasms,2010.0,,me and mrs jones,kenny gamble    / cary gilbert   / leon huff+billy paul
801376,ride captain ride [single version],blues image,0,142047,lost,2004.0,namaste (#5.9),ride captain ride,blues image
708216,jump (for my love),the pointer sisters,1984,35017,braindead,2016.0,back to work: a behind-the-scenes look at congress and how it gets things done (and often doesnt) (#1.5),jump (for my love),the pointer sisters
26759,guitar rag,sylvester weaver,1997,23319,baseball,1994.0,something like a war (#1.2),guitar rag,sylvester weaver+arrangement with sony music licensing
933149,the nutcracker op.71-atto 1 - marche,pyotr il'yich tchaikovsky,0,676242,the nutcracker prince,1990.0,,the nutcracker,pyotr ilyich tchaikovsky
760585,fearless,the bravery,2004,558858,nochnoy dozor,2004.0,,fearless,sam endicott+the bravery
499281,maniac,michael sembello,1983,47564,cold case,2003.0,lovers lane (#1.23),maniac,michael sembello
693411,don't get around much anymore,duke ellington,2000,537818,melinda and melinda,2004.0,,dont get around much anymore,duke ellington+dick hyman
761943,daydream believer (album version),john stewart,0,25689,being erica,2009.0,baby mama (#4.3),daydream believer,john stewart+the monkees
395909,in spite of me,greg laswell,2009,103165,greys anatomy,2005.0,new history (#6.9),in spite of me,greg laswell
700519,dog shelter,burial,2007,315888,waterloo road,2006.0,happy ever after (#9.10),dog shelter,burial
513286,las mañanitas,lola beltrán,0,557919,no country for old men,2007.0,,las mañanitas,lola beltrán+arrangement with warner music group film+tv licensing
332500,fight the power (live),public enemy,2006,566786,ooops! noah is gone...,2015.0,,fight the power,public enemy
369574,seison torilla 'le deserteur,kaisa korhonen,0,567750,orvokki,1966.0,,seison torilla (le deserteur),boris vian+kaisa korhonen
53657,one world,celtic woman,2005,387386,celtic woman,2005.0,,one world,celtic woman+chloë agnew+Órla fallon+lisa kelly  )
958270,love is strange,mickey & sylvia,1957,182371,please like me,2013.0,natural spring water (#3.4),love is strange,mickey baker+bo diddley+sylvia robinson+mickey+sylvia
198779,white trash,marilyn manson,0,533839,marilyn manson: inner sanctum,2009.0,,white trash,marilyn manson+the spooky kids
174819,what is this thing called love?,cole porter,0,509195,la señal,2007.0,,what is this thing called love?,cole porter+frank sinatra
395710,Évasion de julien,miles davis,0,353795,ascenseur pour léchafaud,1958.0,,Évasion de julien,miles davis+barney wilen+emilhenco  (as rené urtreger+piano)+pierre michelot+kenny clarke
854268,i'm so excited,the pointer sisters,1982,553199,national lampoons vacation,1983.0,,im so excited,anita pointer+june pointer+ruth pointer+trevor lawrence+the pointer sisters
610324,fiesta de jerez,carmen amaya,0,385157,carnages,2002.0,,fiesta de jerez,carmen amaya
917179,as time goes by,dooley wilson,1990,138816,likely stories  vol. 3,1983.0,,as time goes by,herman hupfeld+dooley wilson
869486,mystery train,junior parker,1989,551107,mystery train,1989.0,,mystery train,junior parker
679695,lie to me,jonny lang,1997,493833,jonny lang live at montreux 1999,1999.0,,lie to me,bruce mccabe+david zablidowsky+jonny lang
411629,the imperial march,john williams,0,17878,atop the fourth wall,2008.0,spider-man and the fantastic four in... brain drain! (#4.8),imperial march,john williams
714256,shake and fingerpop,junior walker,1996,211220,shindig!,1964.0,(#2.2),shake and fingerpop,junior walker+lawrence horn+willie woods+jackie deshannon+bobby sherman+delaney bramlett+joey cooper
917713,mercedes benz - remix,janis joplin vs medicine head,0,230891,série noire,1984.0,grandeur et décadence dun petit commerce de cinéma (#1.21),mercedes benz,janis joplin+michael mcclure+bob neuwirth
54611,mona lisa (digitally remastered),nat king cole,0,543704,mona lisa,1986.0,,mona lisa,jay livingston+ray evans+nat king cole
886565,memories of the grove,maylene and the sons of disaster,2007,699494,tony hawks proving ground,2007.0,,memories of the grove,maylene+the sons of disaster
891330,nos mains,jean-jacques goldman,1997,508629,la nouvelle génération chante goldman,2013.0,,nos mains,jean-jacques goldman
385692,the inch worm (digitally remastered),danny kaye,0,722662,while were young,2014.0,,the inch worm,frank loesser+danny kaye
882408,it's raining men,the weather girls,1982,162263,my mad fat diary,2013.0,its a wonderful rae: part 2 (#1.6),its raining men,paul jabara+paul shaffer+the weather girls
953633,À espera de godot,delfins,0,66677,deixa-me amar,2007.0,(#1.25),À espera de godot,delfins
926712,don't stand so close to me,the police,1980,301265,top of the pops,1964.0,(1980-10-02),dont stand so close to me,the police
445023,nights are forever without you (lp version),england dan & john ford coley,0,413832,dickie roberts: former child star,2003.0,,nights are forever without you,parker mcgee+dan seals+john ford coley+arrangement with warner strategic marketing
493604,if i loved you (reprise),gordon macrae,0,472597,hollywood singing and dancing: a musical treasure,2008.0,,if i loved you,richard rodgers+shirley jones+gordon macrae
276195,cum on feel the noize,quiet riot,1983,24900,beavis and butt-head,1993.0,be all you can be (#2.10),cum on feel the noize,noddy holder+jim lea+quiet riot
731580,and they all look broken hearted,four tet,2003,550080,my kid could paint that,2007.0,,and they all look so broken hearted,kieran miles+david hebden+four tet
690514,true,spandau ballet,1983,459260,grind,2003.0,,true,gary kemp+spandau ballet
384359,mi chica se ha ido a katmandu,los nikis,2005,426272,el calentito,2005.0,,mi chica se ha ido a katmandú,arturo pérez+los nikis
749385,girls just want to have fun,cyndi lauper,1983,4560,90210,2008.0,a trip to the moon (#2.9),girls just want to have fun,robert hazard+cyndi lauper
369958,la gavina,marina rossell,0,304544,totes aquelles cançons,2004.0,1976-1979: es fa llarg esperar (#1.12),la gavina,frederic sirés.+marina rossell
43628,the body of an american,the pogues,1986,284963,the wire,2002.0,corner boys (#4.8),body of an american,the pogues
696138,reet petite,jackie wilson,1987,217635,so you think you can dance,2005.0,top 6 perform (#2.20),reet petite,berry gordy+billy davis+jackie wilson
819917,undun,the guess who,0,663728,the guess who: running back thru canada,2004.0,,undun,randy bachman+the guess who
755679,nu flow,big brovaz,2002,606716,scooby-doo 2: monsters unleashed,2004.0,,nu flow,m. mugisha+temi tayo aisida+john paul horsley+big brovaz
517258,i want you to keep everything,these united states,2009,550753,my soul to take,2010.0,,i want you to keep everything,jesse elliott+these united states
828715,coleen,the heavy,2008,51389,crash,2008.0,panic (#1.3),coleen,the heavy
751741,250 miles,radio moscow,2009,336837,a warriors heart,2011.0,,250 miles,parker griggs+radio moscow
763822,conga,miami sound machine,1985,80705,el hormiguero,2006.0,(#3.3),conga,miami sound machine
663504,area codes,ludacris / nate dogg,2001,659266,the fast and the furious,2001.0,,area codes,ludacris+nate dogg
952798,so into you,atlanta rhythm section,1976,16101,armistead maupins more tales of the city,1998.0,(#1.1),so into you,buddy buie+dean daughtry+robert nix+the atlanta rhythm section
947052,relax,frankie goes to hollywood,1983,301954,top of the pops,1964.0,(1984-12-25),relax,holly johnson+peter gill+mark otoole+frankie goes to hollywood
370750,la chanson du maçon,maurice chevalier,0,592303,rendez-vous avec maurice chevalier n°2,1954.0,,la chanson du maçon,henri betti+maurice chevalier
944704,canção simples,tiago bettencourt,2007,65145,deixa-me amar,2007.0,(#1.111),canção simples,tiago bettencourt
926383,man i wanna be,head east,2000,488779,j-men forever,1979.0,,man i wanna be,head east
539037,islands in the stream,kenny rogers & dolly parton,1990,329882,40th annual country music association awards,2006.0,,islands in the stream,barry gibb+robin gibb+maurice gibb+kenny rogers+dolly parton
795646,tush,zz top,1975,365312,best of cmt music awards,2009.0,,tush,zz top+kix brooks+ronnie dunn
629847,if i only had a brain,mc 900 ft jesus,1994,692133,the work of director spike jonze,2003.0,,if i only had a brain,mc 900 ft. jesus
678106,big big world,emilia,0,118741,idols,2003.0,(#1.10),big big world,emilia mitiku+lasse andersson+titta hakala
